Date,Price,Return
2-Jan-01,"1,283.27",2.05%
3-Jan-01,"1,347.56",4.89%
4-Jan-01,"1,333.34",-1.06%
5-Jan-01,"1,298.35",-2.66%
8-Jan-01,"1,295.86",-0.19%
9-Jan-01,"1,300.80",0.38%
10-Jan-01,"1,313.27",0.95%
11-Jan-01,"1,326.82",1.03%
12-Jan-01,"1,318.55",-0.63%
16-Jan-01,"1,326.65",0.61%
17-Jan-01,"1,329.47",0.21%
18-Jan-01,"1,347.97",1.38%
19-Jan-01,"1,342.54",-0.40%
22-Jan-01,"1,342.90",0.03%
23-Jan-01,"1,360.40",1.29%
24-Jan-01,"1,364.30",0.29%
25-Jan-01,"1,357.51",-0.50%
26-Jan-01,"1,354.95",-0.19%
29-Jan-01,"1,364.17",0.68%
30-Jan-01,"1,373.73",0.70%
31-Jan-01,"1,366.01",-0.56%
1-Feb-01,"1,373.47",0.54%
2-Feb-01,"1,349.47",-1.76%
5-Feb-01,"1,354.31",0.36%
6-Feb-01,"1,352.26",-0.15%
7-Feb-01,"1,340.89",-0.84%
8-Feb-01,"1,332.53",-0.63%
9-Feb-01,"1,314.76",-1.34%
12-Feb-01,"1,330.31",1.18%
13-Feb-01,"1,318.80",-0.87%
14-Feb-01,"1,315.92",-0.22%
15-Feb-01,"1,326.61",0.81%
16-Feb-01,"1,301.53",-1.91%
20-Feb-01,"1,278.94",-1.75%
21-Feb-01,"1,255.27",-1.87%
22-Feb-01,"1,252.82",-0.20%
23-Feb-01,"1,245.86",-0.56%
26-Feb-01,"1,267.65",1.73%
27-Feb-01,"1,257.94",-0.77%
28-Feb-01,"1,239.94",-1.44%
1-Mar-01,"1,241.23",0.10%
2-Mar-01,"1,234.18",-0.57%
5-Mar-01,"1,241.41",0.58%
6-Mar-01,"1,253.80",0.99%
7-Mar-01,"1,261.89",0.64%
8-Mar-01,"1,264.74",0.23%
9-Mar-01,"1,233.42",-2.51%
12-Mar-01,"1,180.16",-4.41%
13-Mar-01,"1,197.66",1.47%
14-Mar-01,"1,166.71",-2.62%
15-Mar-01,"1,173.56",0.59%
16-Mar-01,"1,150.53",-1.98%
19-Mar-01,"1,170.81",1.75%
20-Mar-01,"1,142.62",-2.44%
21-Mar-01,"1,122.14",-1.81%
22-Mar-01,"1,117.58",-0.41%
23-Mar-01,"1,139.83",1.97%
26-Mar-01,"1,152.69",1.12%
27-Mar-01,"1,182.17",2.53%
28-Mar-01,"1,153.29",-2.47%
29-Mar-01,"1,147.95",-0.46%
30-Mar-01,"1,160.33",1.07%
2-Apr-01,"1,145.87",-1.25%
3-Apr-01,"1,106.46",-3.50%
4-Apr-01,"1,103.25",-0.29%
5-Apr-01,"1,151.44",4.28%
6-Apr-01,"1,128.43",-2.02%
9-Apr-01,"1,137.59",0.81%
10-Apr-01,"1,168.38",2.67%
11-Apr-01,"1,165.89",-0.21%
12-Apr-01,"1,183.50",1.50%
16-Apr-01,"1,179.68",-0.32%
17-Apr-01,"1,191.81",1.02%
18-Apr-01,"1,238.16",3.82%
19-Apr-01,"1,253.69",1.25%
20-Apr-01,"1,242.98",-0.86%
23-Apr-01,"1,224.36",-1.51%
24-Apr-01,"1,209.47",-1.22%
25-Apr-01,"1,228.75",1.58%
26-Apr-01,"1,234.52",0.47%
27-Apr-01,"1,253.05",1.49%
30-Apr-01,"1,249.46",-0.29%
1-May-01,"1,266.44",1.35%
2-May-01,"1,267.43",0.08%
3-May-01,"1,248.58",-1.50%
4-May-01,"1,266.61",1.43%
7-May-01,"1,263.51",-0.25%
8-May-01,"1,261.20",-0.18%
9-May-01,"1,255.54",-0.45%
10-May-01,"1,255.18",-0.03%
11-May-01,"1,245.67",-0.76%
14-May-01,"1,248.92",0.26%
15-May-01,"1,249.44",0.04%
16-May-01,"1,284.99",2.81%
17-May-01,"1,288.49",0.27%
18-May-01,"1,291.96",0.27%
21-May-01,"1,312.83",1.60%
22-May-01,"1,309.38",-0.26%
23-May-01,"1,289.05",-1.56%
24-May-01,"1,293.17",0.32%
25-May-01,"1,277.89",-1.19%
29-May-01,"1,267.93",-0.78%
30-May-01,"1,248.08",-1.58%
31-May-01,"1,255.82",0.62%
1-Jun-01,"1,260.67",0.39%
4-Jun-01,"1,267.11",0.51%
5-Jun-01,"1,283.57",1.29%
6-Jun-01,"1,270.03",-1.06%
7-Jun-01,"1,276.96",0.54%
8-Jun-01,"1,264.96",-0.94%
11-Jun-01,"1,254.39",-0.84%
12-Jun-01,"1,255.85",0.12%
13-Jun-01,"1,241.60",-1.14%
14-Jun-01,"1,219.87",-1.77%
15-Jun-01,"1,214.36",-0.45%
18-Jun-01,"1,208.43",-0.49%
19-Jun-01,"1,212.58",0.34%
20-Jun-01,"1,223.14",0.87%
21-Jun-01,"1,237.04",1.13%
22-Jun-01,"1,225.35",-0.95%
25-Jun-01,"1,218.60",-0.55%
26-Jun-01,"1,216.76",-0.15%
27-Jun-01,"1,211.07",-0.47%
28-Jun-01,"1,226.20",1.24%
29-Jun-01,"1,224.38",-0.15%
2-Jul-01,"1,236.72",1.00%
3-Jul-01,"1,234.45",-0.18%
5-Jul-01,"1,219.24",-1.24%
6-Jul-01,"1,190.59",-2.38%
9-Jul-01,"1,198.78",0.69%
10-Jul-01,"1,181.52",-1.45%
11-Jul-01,"1,180.18",-0.11%
12-Jul-01,"1,208.14",2.34%
13-Jul-01,"1,215.68",0.62%
16-Jul-01,"1,202.45",-1.09%
17-Jul-01,"1,214.44",0.99%
18-Jul-01,"1,207.71",-0.56%
19-Jul-01,"1,215.02",0.60%
20-Jul-01,"1,210.85",-0.34%
23-Jul-01,"1,191.03",-1.65%
24-Jul-01,"1,171.65",-1.64%
25-Jul-01,"1,190.49",1.60%
26-Jul-01,"1,202.93",1.04%
27-Jul-01,"1,205.82",0.24%
30-Jul-01,"1,204.52",-0.11%
31-Jul-01,"1,211.23",0.56%
1-Aug-01,"1,215.93",0.39%
2-Aug-01,"1,220.75",0.40%
3-Aug-01,"1,214.35",-0.53%
6-Aug-01,"1,200.48",-1.15%
7-Aug-01,"1,204.40",0.33%
8-Aug-01,"1,183.53",-1.75%
9-Aug-01,"1,183.43",-0.01%
10-Aug-01,"1,190.16",0.57%
13-Aug-01,"1,191.29",0.09%
14-Aug-01,"1,186.73",-0.38%
15-Aug-01,"1,178.02",-0.74%
16-Aug-01,"1,181.66",0.31%
17-Aug-01,"1,161.97",-1.68%
20-Aug-01,"1,171.41",0.81%
21-Aug-01,"1,157.26",-1.22%
22-Aug-01,"1,165.31",0.69%
23-Aug-01,"1,162.09",-0.28%
24-Aug-01,"1,184.93",1.95%
27-Aug-01,"1,179.21",-0.48%
28-Aug-01,"1,161.51",-1.51%
29-Aug-01,"1,148.56",-1.12%
30-Aug-01,"1,129.03",-1.72%
31-Aug-01,"1,133.58",0.40%
4-Sep-01,"1,132.94",-0.06%
5-Sep-01,"1,131.74",-0.11%
6-Sep-01,"1,106.40",-2.26%
7-Sep-01,"1,085.78",-1.88%
10-Sep-01,"1,092.54",0.62%
17-Sep-01,"1,038.77",-5.05%
18-Sep-01,"1,032.74",-0.58%
19-Sep-01,"1,016.10",-1.62%
20-Sep-01,984.54,-3.16%
21-Sep-01,965.8,-1.92%
24-Sep-01,"1,003.45",3.82%
25-Sep-01,"1,012.27",0.88%
26-Sep-01,"1,007.04",-0.52%
27-Sep-01,"1,018.61",1.14%
28-Sep-01,"1,040.94",2.17%
1-Oct-01,"1,038.55",-0.23%
2-Oct-01,"1,051.33",1.22%
3-Oct-01,"1,072.28",1.97%
4-Oct-01,"1,069.63",-0.25%
5-Oct-01,"1,071.38",0.16%
8-Oct-01,"1,062.44",-0.84%
9-Oct-01,"1,056.75",-0.54%
10-Oct-01,"1,080.99",2.27%
11-Oct-01,"1,097.43",1.51%
12-Oct-01,"1,091.65",-0.53%
15-Oct-01,"1,089.98",-0.15%
16-Oct-01,"1,097.54",0.69%
17-Oct-01,"1,077.09",-1.88%
18-Oct-01,"1,068.61",-0.79%
19-Oct-01,"1,073.48",0.45%
22-Oct-01,"1,089.90",1.52%
23-Oct-01,"1,084.78",-0.47%
24-Oct-01,"1,085.20",0.04%
25-Oct-01,"1,100.09",1.36%
26-Oct-01,"1,104.61",0.41%
29-Oct-01,"1,078.30",-2.41%
30-Oct-01,"1,059.79",-1.73%
31-Oct-01,"1,059.78",0.00%
1-Nov-01,"1,084.10",2.27%
2-Nov-01,"1,087.20",0.29%
5-Nov-01,"1,102.84",1.43%
6-Nov-01,"1,118.86",1.44%
7-Nov-01,"1,115.80",-0.27%
8-Nov-01,"1,118.54",0.25%
9-Nov-01,"1,120.31",0.16%
12-Nov-01,"1,118.33",-0.18%
13-Nov-01,"1,139.09",1.84%
14-Nov-01,"1,141.21",0.19%
15-Nov-01,"1,142.24",0.09%
16-Nov-01,"1,138.65",-0.31%
19-Nov-01,"1,151.06",1.08%
20-Nov-01,"1,142.66",-0.73%
21-Nov-01,"1,137.03",-0.49%
23-Nov-01,"1,150.34",1.16%
26-Nov-01,"1,157.42",0.61%
27-Nov-01,"1,149.50",-0.69%
28-Nov-01,"1,128.52",-1.84%
29-Nov-01,"1,140.20",1.03%
30-Nov-01,"1,139.45",-0.07%
3-Dec-01,"1,129.90",-0.84%
4-Dec-01,"1,144.80",1.31%
5-Dec-01,"1,170.35",2.21%
6-Dec-01,"1,167.10",-0.28%
7-Dec-01,"1,158.31",-0.76%
10-Dec-01,"1,139.93",-1.60%
11-Dec-01,"1,136.76",-0.28%
12-Dec-01,"1,137.07",0.03%
13-Dec-01,"1,119.38",-1.57%
14-Dec-01,"1,123.09",0.33%
17-Dec-01,"1,134.36",1.00%
18-Dec-01,"1,142.92",0.75%
19-Dec-01,"1,149.56",0.58%
20-Dec-01,"1,139.93",-0.84%
21-Dec-01,"1,144.89",0.43%
24-Dec-01,"1,144.65",-0.02%
26-Dec-01,"1,149.37",0.41%
27-Dec-01,"1,157.13",0.67%
28-Dec-01,"1,161.02",0.34%
31-Dec-01,"1,148.08",-1.12%
2-Jan-02,"1,154.67",0.57%
3-Jan-02,"1,165.27",0.91%
4-Jan-02,"1,172.51",0.62%
7-Jan-02,"1,164.89",-0.65%
8-Jan-02,"1,160.71",-0.36%
9-Jan-02,"1,155.14",-0.48%
10-Jan-02,"1,156.55",0.12%
11-Jan-02,"1,145.60",-0.95%
14-Jan-02,"1,138.41",-0.63%
15-Jan-02,"1,146.19",0.68%
16-Jan-02,"1,127.57",-1.64%
17-Jan-02,"1,138.88",1.00%
18-Jan-02,"1,127.58",-1.00%
22-Jan-02,"1,119.31",-0.74%
23-Jan-02,"1,128.18",0.79%
24-Jan-02,"1,132.15",0.35%
25-Jan-02,"1,133.28",0.10%
28-Jan-02,"1,133.06",-0.02%
29-Jan-02,"1,100.64",-2.90%
30-Jan-02,"1,113.57",1.17%
31-Jan-02,"1,130.20",1.48%
1-Feb-02,"1,122.20",-0.71%
4-Feb-02,"1,094.44",-2.50%
5-Feb-02,"1,090.02",-0.40%
6-Feb-02,"1,083.51",-0.60%
7-Feb-02,"1,080.17",-0.31%
8-Feb-02,"1,096.22",1.47%
11-Feb-02,"1,111.94",1.42%
12-Feb-02,"1,107.50",-0.40%
13-Feb-02,"1,118.51",0.99%
14-Feb-02,"1,116.48",-0.18%
15-Feb-02,"1,104.18",-1.11%
19-Feb-02,"1,083.34",-1.91%
20-Feb-02,"1,097.98",1.34%
21-Feb-02,"1,080.95",-1.56%
22-Feb-02,"1,089.84",0.82%
25-Feb-02,"1,109.43",1.78%
26-Feb-02,"1,109.38",0.00%
27-Feb-02,"1,109.89",0.05%
28-Feb-02,"1,106.73",-0.29%
1-Mar-02,"1,131.78",2.24%
4-Mar-02,"1,153.84",1.93%
5-Mar-02,"1,146.14",-0.67%
6-Mar-02,"1,162.77",1.44%
7-Mar-02,"1,157.54",-0.45%
8-Mar-02,"1,164.31",0.58%
11-Mar-02,"1,168.26",0.34%
12-Mar-02,"1,165.58",-0.23%
13-Mar-02,"1,154.09",-0.99%
14-Mar-02,"1,153.04",-0.09%
15-Mar-02,"1,166.16",1.13%
18-Mar-02,"1,165.55",-0.05%
19-Mar-02,"1,170.29",0.41%
20-Mar-02,"1,151.85",-1.59%
21-Mar-02,"1,153.59",0.15%
22-Mar-02,"1,148.70",-0.42%
25-Mar-02,"1,131.87",-1.48%
26-Mar-02,"1,138.49",0.58%
27-Mar-02,"1,144.58",0.53%
28-Mar-02,"1,147.39",0.25%
1-Apr-02,"1,146.54",-0.07%
2-Apr-02,"1,136.76",-0.86%
3-Apr-02,"1,125.40",-1.00%
4-Apr-02,"1,126.34",0.08%
5-Apr-02,"1,122.73",-0.32%
8-Apr-02,"1,125.29",0.23%
9-Apr-02,"1,117.80",-0.67%
10-Apr-02,"1,130.47",1.13%
11-Apr-02,"1,103.69",-2.40%
12-Apr-02,"1,111.01",0.66%
15-Apr-02,"1,102.55",-0.76%
16-Apr-02,"1,128.37",2.31%
17-Apr-02,"1,126.07",-0.20%
18-Apr-02,"1,124.47",-0.14%
19-Apr-02,"1,125.17",0.06%
22-Apr-02,"1,107.83",-1.55%
23-Apr-02,"1,100.96",-0.62%
24-Apr-02,"1,093.14",-0.71%
25-Apr-02,"1,091.48",-0.15%
26-Apr-02,"1,076.32",-1.40%
29-Apr-02,"1,065.45",-1.02%
30-Apr-02,"1,076.92",1.07%
1-May-02,"1,086.46",0.88%
2-May-02,"1,084.56",-0.18%
3-May-02,"1,073.43",-1.03%
6-May-02,"1,052.67",-1.95%
7-May-02,"1,049.49",-0.30%
8-May-02,"1,088.85",3.68%
9-May-02,"1,073.01",-1.47%
10-May-02,"1,054.99",-1.69%
13-May-02,"1,074.56",1.84%
14-May-02,"1,097.28",2.09%
15-May-02,"1,091.07",-0.57%
16-May-02,"1,098.23",0.65%
17-May-02,"1,106.59",0.76%
20-May-02,"1,091.88",-1.34%
21-May-02,"1,079.88",-1.11%
22-May-02,"1,086.02",0.57%
23-May-02,"1,097.08",1.01%
24-May-02,"1,083.82",-1.22%
28-May-02,"1,074.55",-0.86%
29-May-02,"1,067.66",-0.64%
30-May-02,"1,064.66",-0.28%
31-May-02,"1,067.14",0.23%
3-Jun-02,"1,040.68",-2.51%
4-Jun-02,"1,040.69",0.00%
5-Jun-02,"1,049.90",0.88%
6-Jun-02,"1,029.15",-2.00%
7-Jun-02,"1,027.53",-0.16%
10-Jun-02,"1,030.74",0.31%
11-Jun-02,"1,013.60",-1.68%
12-Jun-02,"1,020.26",0.65%
13-Jun-02,"1,009.56",-1.05%
14-Jun-02,"1,007.27",-0.23%
17-Jun-02,"1,036.17",2.83%
18-Jun-02,"1,037.14",0.09%
19-Jun-02,"1,019.99",-1.67%
20-Jun-02,"1,006.29",-1.35%
21-Jun-02,989.14,-1.72%
24-Jun-02,992.72,0.36%
25-Jun-02,976.14,-1.68%
26-Jun-02,973.53,-0.27%
27-Jun-02,990.64,1.74%
28-Jun-02,989.82,-0.08%
1-Jul-02,968.65,-2.16%
2-Jul-02,948.09,-2.15%
3-Jul-02,953.99,0.62%
5-Jul-02,989.03,3.61%
8-Jul-02,976.98,-1.23%
9-Jul-02,952.83,-2.50%
10-Jul-02,920.47,-3.46%
11-Jul-02,927.37,0.75%
12-Jul-02,921.39,-0.65%
15-Jul-02,917.93,-0.38%
16-Jul-02,900.94,-1.87%
17-Jul-02,906.04,0.56%
18-Jul-02,881.56,-2.74%
19-Jul-02,847.75,-3.91%
22-Jul-02,819.85,-3.35%
23-Jul-02,797.7,-2.74%
24-Jul-02,843.43,5.57%
25-Jul-02,838.68,-0.56%
26-Jul-02,852.84,1.67%
29-Jul-02,898.96,5.27%
30-Jul-02,902.78,0.42%
31-Jul-02,911.62,0.97%
1-Aug-02,884.66,-3.00%
2-Aug-02,864.24,-2.34%
5-Aug-02,834.6,-3.49%
6-Aug-02,859.57,2.95%
7-Aug-02,876.77,1.98%
8-Aug-02,905.46,3.22%
9-Aug-02,908.64,0.35%
12-Aug-02,903.8,-0.53%
13-Aug-02,884.21,-2.19%
14-Aug-02,919.62,3.93%
15-Aug-02,930.25,1.15%
16-Aug-02,928.77,-0.16%
19-Aug-02,950.7,2.33%
20-Aug-02,937.43,-1.41%
21-Aug-02,949.36,1.26%
22-Aug-02,962.7,1.40%
23-Aug-02,940.86,-2.29%
26-Aug-02,947.95,0.75%
27-Aug-02,934.82,-1.39%
28-Aug-02,917.87,-1.83%
29-Aug-02,917.8,-0.01%
30-Aug-02,916.07,-0.19%
3-Sep-02,878.02,-4.24%
4-Sep-02,893.4,1.74%
5-Sep-02,879.15,-1.61%
6-Sep-02,893.92,1.67%
9-Sep-02,902.96,1.01%
10-Sep-02,909.58,0.73%
11-Sep-02,909.45,-0.01%
12-Sep-02,886.91,-2.51%
13-Sep-02,889.81,0.33%
16-Sep-02,891.1,0.14%
17-Sep-02,873.52,-1.99%
18-Sep-02,869.46,-0.47%
19-Sep-02,843.32,-3.05%
20-Sep-02,845.39,0.25%
23-Sep-02,833.7,-1.39%
24-Sep-02,819.29,-1.74%
25-Sep-02,839.66,2.46%
26-Sep-02,854.95,1.80%
27-Sep-02,827.37,-3.28%
30-Sep-02,815.28,-1.47%
1-Oct-02,847.91,3.92%
2-Oct-02,827.91,-2.39%
3-Oct-02,818.95,-1.09%
4-Oct-02,800.58,-2.27%
7-Oct-02,785.28,-1.93%
8-Oct-02,798.55,1.68%
9-Oct-02,776.76,-2.77%
10-Oct-02,803.92,3.44%
11-Oct-02,835.32,3.83%
14-Oct-02,841.44,0.73%
15-Oct-02,881.27,4.62%
16-Oct-02,860.02,-2.44%
17-Oct-02,879.2,2.21%
18-Oct-02,884.39,0.59%
21-Oct-02,899.72,1.72%
22-Oct-02,890.16,-1.07%
23-Oct-02,896.14,0.67%
24-Oct-02,882.5,-1.53%
25-Oct-02,897.65,1.70%
28-Oct-02,890.23,-0.83%
29-Oct-02,882.15,-0.91%
30-Oct-02,890.71,0.97%
31-Oct-02,885.76,-0.56%
1-Nov-02,900.96,1.70%
4-Nov-02,908.35,0.82%
5-Nov-02,915.39,0.77%
6-Nov-02,923.76,0.91%
7-Nov-02,902.65,-2.31%
8-Nov-02,894.74,-0.88%
11-Nov-02,876.19,-2.10%
12-Nov-02,882.95,0.77%
13-Nov-02,882.53,-0.05%
14-Nov-02,904.27,2.43%
15-Nov-02,909.83,0.61%
18-Nov-02,900.36,-1.05%
19-Nov-02,896.74,-0.40%
20-Nov-02,914.15,1.92%
21-Nov-02,933.76,2.12%
22-Nov-02,930.55,-0.34%
25-Nov-02,932.87,0.25%
26-Nov-02,913.31,-2.12%
27-Nov-02,938.87,2.76%
29-Nov-02,936.31,-0.27%
2-Dec-02,934.53,-0.19%
3-Dec-02,920.75,-1.49%
4-Dec-02,917.58,-0.34%
5-Dec-02,906.55,-1.21%
6-Dec-02,912.23,0.62%
9-Dec-02,892,-2.24%
10-Dec-02,904.45,1.39%
11-Dec-02,904.96,0.06%
12-Dec-02,901.58,-0.37%
13-Dec-02,889.48,-1.35%
16-Dec-02,910.4,2.32%
17-Dec-02,902.99,-0.82%
18-Dec-02,891.12,-1.32%
19-Dec-02,884.25,-0.77%
20-Dec-02,895.76,1.29%
23-Dec-02,897.38,0.18%
24-Dec-02,892.47,-0.55%
26-Dec-02,889.66,-0.32%
27-Dec-02,875.4,-1.62%
30-Dec-02,879.39,0.45%
31-Dec-02,879.82,0.05%
2-Jan-03,909.03,3.27%
3-Jan-03,908.59,-0.05%
6-Jan-03,929.01,2.22%
7-Jan-03,922.93,-0.66%
8-Jan-03,909.93,-1.42%
9-Jan-03,927.57,1.92%
10-Jan-03,927.57,0.00%
13-Jan-03,926.26,-0.14%
14-Jan-03,931.66,0.58%
15-Jan-03,918.22,-1.45%
16-Jan-03,914.6,-0.40%
17-Jan-03,901.78,-1.41%
21-Jan-03,887.62,-1.58%
22-Jan-03,878.36,-1.05%
23-Jan-03,887.34,1.02%
24-Jan-03,861.4,-2.97%
27-Jan-03,847.48,-1.63%
28-Jan-03,858.54,1.30%
29-Jan-03,864.36,0.68%
30-Jan-03,844.61,-2.31%
31-Jan-03,855.7,1.30%
3-Feb-03,860.32,0.54%
4-Feb-03,848.2,-1.42%
5-Feb-03,843.59,-0.54%
6-Feb-03,838.15,-0.65%
7-Feb-03,829.69,-1.01%
10-Feb-03,835.97,0.75%
11-Feb-03,829.2,-0.81%
12-Feb-03,818.68,-1.28%
13-Feb-03,817.37,-0.16%
14-Feb-03,834.89,2.12%
18-Feb-03,851.17,1.93%
19-Feb-03,845.13,-0.71%
20-Feb-03,837.1,-0.95%
21-Feb-03,848.17,1.31%
24-Feb-03,832.58,-1.86%
25-Feb-03,838.57,0.72%
26-Feb-03,827.55,-1.32%
27-Feb-03,837.28,1.17%
28-Feb-03,841.15,0.46%
3-Mar-03,834.81,-0.76%
4-Mar-03,821.99,-1.55%
5-Mar-03,829.85,0.95%
6-Mar-03,822.1,-0.94%
7-Mar-03,828.89,0.82%
10-Mar-03,807.48,-2.62%
11-Mar-03,800.73,-0.84%
12-Mar-03,804.19,0.43%
13-Mar-03,831.9,3.39%
14-Mar-03,833.27,0.16%
17-Mar-03,862.79,3.48%
18-Mar-03,866.45,0.42%
19-Mar-03,874.02,0.87%
20-Mar-03,875.67,0.19%
21-Mar-03,895.79,2.27%
24-Mar-03,864.23,-3.59%
25-Mar-03,874.74,1.21%
26-Mar-03,869.95,-0.55%
27-Mar-03,868.52,-0.16%
28-Mar-03,863.5,-0.58%
31-Mar-03,848.18,-1.79%
1-Apr-03,858.48,1.21%
2-Apr-03,880.9,2.58%
3-Apr-03,876.45,-0.51%
4-Apr-03,878.85,0.27%
7-Apr-03,879.93,0.12%
8-Apr-03,878.29,-0.19%
9-Apr-03,865.99,-1.41%
10-Apr-03,871.58,0.64%
11-Apr-03,868.3,-0.38%
14-Apr-03,885.23,1.93%
15-Apr-03,890.81,0.63%
16-Apr-03,879.91,-1.23%
17-Apr-03,893.58,1.54%
21-Apr-03,892.01,-0.18%
22-Apr-03,911.37,2.15%
23-Apr-03,919.02,0.84%
24-Apr-03,911.43,-0.83%
25-Apr-03,898.81,-1.39%
28-Apr-03,914.84,1.77%
29-Apr-03,917.84,0.33%
30-Apr-03,916.92,-0.10%
1-May-03,916.3,-0.07%
2-May-03,930.08,1.49%
5-May-03,926.55,-0.38%
6-May-03,934.39,0.84%
7-May-03,929.62,-0.51%
8-May-03,920.27,-1.01%
9-May-03,933.41,1.42%
12-May-03,945.11,1.25%
13-May-03,942.3,-0.30%
14-May-03,939.28,-0.32%
15-May-03,946.67,0.78%
16-May-03,944.3,-0.25%
19-May-03,920.77,-2.52%
20-May-03,919.73,-0.11%
21-May-03,923.42,0.40%
22-May-03,931.87,0.91%
23-May-03,933.22,0.14%
27-May-03,951.48,1.94%
28-May-03,953.22,0.18%
29-May-03,949.64,-0.38%
30-May-03,963.59,1.46%
2-Jun-03,967,0.35%
3-Jun-03,971.56,0.47%
4-Jun-03,986.24,1.50%
5-Jun-03,990.14,0.39%
6-Jun-03,987.76,-0.24%
9-Jun-03,975.93,-1.20%
10-Jun-03,984.84,0.91%
11-Jun-03,997.48,1.28%
12-Jun-03,998.51,0.10%
13-Jun-03,988.61,-1.00%
16-Jun-03,"1,010.74",2.21%
17-Jun-03,"1,011.66",0.09%
18-Jun-03,"1,010.09",-0.16%
19-Jun-03,994.7,-1.54%
20-Jun-03,995.69,0.10%
23-Jun-03,981.64,-1.42%
24-Jun-03,983.45,0.18%
25-Jun-03,975.32,-0.83%
26-Jun-03,985.82,1.07%
27-Jun-03,976.22,-0.98%
30-Jun-03,974.5,-0.18%
1-Jul-03,982.32,0.80%
2-Jul-03,993.75,1.16%
3-Jul-03,985.7,-0.81%
7-Jul-03,"1,004.42",1.88%
8-Jul-03,"1,007.84",0.34%
9-Jul-03,"1,002.21",-0.56%
10-Jul-03,988.7,-1.36%
11-Jul-03,998.14,0.95%
14-Jul-03,"1,003.86",0.57%
15-Jul-03,"1,000.42",-0.34%
16-Jul-03,994.09,-0.63%
17-Jul-03,981.73,-1.25%
18-Jul-03,993.32,1.17%
21-Jul-03,978.8,-1.47%
22-Jul-03,988.11,0.95%
23-Jul-03,988.61,0.05%
24-Jul-03,981.6,-0.71%
25-Jul-03,998.68,1.73%
28-Jul-03,996.52,-0.22%
29-Jul-03,989.28,-0.73%
30-Jul-03,987.49,-0.18%
31-Jul-03,990.31,0.29%
1-Aug-03,980.15,-1.03%
4-Aug-03,982.82,0.27%
5-Aug-03,965.46,-1.78%
6-Aug-03,967.08,0.17%
7-Aug-03,974.12,0.73%
8-Aug-03,977.59,0.36%
11-Aug-03,980.59,0.31%
12-Aug-03,990.35,0.99%
13-Aug-03,984.03,-0.64%
14-Aug-03,990.51,0.66%
15-Aug-03,990.67,0.02%
18-Aug-03,999.74,0.91%
19-Aug-03,"1,002.35",0.26%
20-Aug-03,"1,000.30",-0.20%
21-Aug-03,"1,003.27",0.30%
22-Aug-03,993.06,-1.02%
25-Aug-03,993.71,0.07%
26-Aug-03,996.73,0.30%
27-Aug-03,996.79,0.01%
28-Aug-03,"1,002.84",0.61%
29-Aug-03,"1,008.01",0.51%
2-Sep-03,"1,021.99",1.38%
3-Sep-03,"1,026.27",0.42%
4-Sep-03,"1,027.97",0.17%
5-Sep-03,"1,021.39",-0.64%
8-Sep-03,"1,031.64",1.00%
9-Sep-03,"1,023.17",-0.82%
10-Sep-03,"1,010.92",-1.20%
11-Sep-03,"1,016.42",0.54%
12-Sep-03,"1,018.63",0.22%
15-Sep-03,"1,014.81",-0.38%
16-Sep-03,"1,029.32",1.42%
17-Sep-03,"1,025.97",-0.33%
18-Sep-03,"1,039.58",1.32%
19-Sep-03,"1,036.30",-0.32%
22-Sep-03,"1,022.82",-1.31%
23-Sep-03,"1,029.03",0.61%
24-Sep-03,"1,009.38",-1.93%
25-Sep-03,"1,003.27",-0.61%
26-Sep-03,996.85,-0.64%
29-Sep-03,"1,006.58",0.97%
30-Sep-03,995.97,-1.06%
1-Oct-03,"1,018.22",2.21%
2-Oct-03,"1,020.24",0.20%
3-Oct-03,"1,029.85",0.94%
6-Oct-03,"1,034.35",0.44%
7-Oct-03,"1,039.25",0.47%
8-Oct-03,"1,033.78",-0.53%
9-Oct-03,"1,038.73",0.48%
10-Oct-03,"1,038.06",-0.06%
13-Oct-03,"1,045.35",0.70%
14-Oct-03,"1,049.48",0.39%
15-Oct-03,"1,046.76",-0.26%
16-Oct-03,"1,050.07",0.32%
17-Oct-03,"1,039.32",-1.03%
20-Oct-03,"1,044.68",0.51%
21-Oct-03,"1,046.03",0.13%
22-Oct-03,"1,030.36",-1.51%
23-Oct-03,"1,033.77",0.33%
24-Oct-03,"1,028.91",-0.47%
27-Oct-03,"1,031.13",0.22%
28-Oct-03,"1,046.79",1.51%
29-Oct-03,"1,048.11",0.13%
30-Oct-03,"1,046.94",-0.11%
31-Oct-03,"1,050.71",0.36%
3-Nov-03,"1,059.02",0.79%
4-Nov-03,"1,053.25",-0.55%
5-Nov-03,"1,051.81",-0.14%
6-Nov-03,"1,058.05",0.59%
7-Nov-03,"1,053.21",-0.46%
10-Nov-03,"1,047.11",-0.58%
11-Nov-03,"1,046.57",-0.05%
12-Nov-03,"1,058.53",1.14%
13-Nov-03,"1,058.41",-0.01%
14-Nov-03,"1,050.35",-0.76%
17-Nov-03,"1,043.63",-0.64%
18-Nov-03,"1,034.15",-0.91%
19-Nov-03,"1,042.44",0.80%
20-Nov-03,"1,033.65",-0.85%
21-Nov-03,"1,035.28",0.16%
24-Nov-03,"1,052.08",1.61%
25-Nov-03,"1,053.89",0.17%
26-Nov-03,"1,058.45",0.43%
28-Nov-03,"1,058.20",-0.02%
1-Dec-03,"1,070.12",1.12%
2-Dec-03,"1,066.62",-0.33%
3-Dec-03,"1,064.73",-0.18%
4-Dec-03,"1,069.72",0.47%
5-Dec-03,"1,061.50",-0.77%
8-Dec-03,"1,069.30",0.73%
9-Dec-03,"1,060.18",-0.86%
10-Dec-03,"1,059.05",-0.11%
11-Dec-03,"1,071.21",1.14%
12-Dec-03,"1,074.14",0.27%
15-Dec-03,"1,068.04",-0.57%
16-Dec-03,"1,075.13",0.66%
17-Dec-03,"1,076.48",0.13%
18-Dec-03,"1,089.18",1.17%
19-Dec-03,"1,088.66",-0.05%
22-Dec-03,"1,092.94",0.39%
23-Dec-03,"1,096.02",0.28%
24-Dec-03,"1,094.04",-0.18%
26-Dec-03,"1,095.89",0.17%
29-Dec-03,"1,109.48",1.23%
30-Dec-03,"1,109.64",0.01%
31-Dec-03,"1,111.92",0.21%
2-Jan-04,"1,108.48",-0.31%
5-Jan-04,"1,122.22",1.23%
6-Jan-04,"1,123.67",0.13%
7-Jan-04,"1,126.33",0.24%
8-Jan-04,"1,131.92",0.50%
9-Jan-04,"1,121.86",-0.89%
12-Jan-04,"1,127.23",0.48%
13-Jan-04,"1,121.22",-0.53%
14-Jan-04,"1,130.52",0.83%
15-Jan-04,"1,132.05",0.14%
16-Jan-04,"1,139.83",0.68%
20-Jan-04,"1,138.77",-0.09%
21-Jan-04,"1,147.62",0.77%
22-Jan-04,"1,143.94",-0.32%
23-Jan-04,"1,141.55",-0.21%
26-Jan-04,"1,155.37",1.20%
27-Jan-04,"1,144.05",-0.98%
28-Jan-04,"1,128.48",-1.37%
29-Jan-04,"1,134.11",0.50%
30-Jan-04,"1,131.13",-0.26%
2-Feb-04,"1,135.26",0.36%
3-Feb-04,"1,136.03",0.07%
4-Feb-04,"1,126.52",-0.84%
5-Feb-04,"1,128.59",0.18%
6-Feb-04,"1,142.76",1.25%
9-Feb-04,"1,139.81",-0.26%
10-Feb-04,"1,145.54",0.50%
11-Feb-04,"1,157.76",1.06%
12-Feb-04,"1,152.11",-0.49%
13-Feb-04,"1,145.81",-0.55%
17-Feb-04,"1,156.99",0.97%
18-Feb-04,"1,151.82",-0.45%
19-Feb-04,"1,147.06",-0.41%
20-Feb-04,"1,144.11",-0.26%
23-Feb-04,"1,140.99",-0.27%
24-Feb-04,"1,139.09",-0.17%
25-Feb-04,"1,143.67",0.40%
26-Feb-04,"1,144.91",0.11%
27-Feb-04,"1,144.94",0.00%
1-Mar-04,"1,155.97",0.96%
2-Mar-04,"1,149.10",-0.60%
3-Mar-04,"1,151.03",0.17%
4-Mar-04,"1,154.87",0.33%
5-Mar-04,"1,156.86",0.17%
8-Mar-04,"1,147.20",-0.84%
9-Mar-04,"1,140.58",-0.58%
10-Mar-04,"1,123.89",-1.47%
11-Mar-04,"1,106.78",-1.53%
12-Mar-04,"1,120.57",1.24%
15-Mar-04,"1,104.49",-1.45%
16-Mar-04,"1,110.70",0.56%
17-Mar-04,"1,123.75",1.17%
18-Mar-04,"1,122.32",-0.13%
19-Mar-04,"1,109.78",-1.12%
22-Mar-04,"1,095.40",-1.30%
23-Mar-04,"1,093.95",-0.13%
24-Mar-04,"1,091.33",-0.24%
25-Mar-04,"1,109.19",1.62%
26-Mar-04,"1,108.06",-0.10%
29-Mar-04,"1,122.47",1.29%
30-Mar-04,"1,127.00",0.40%
31-Mar-04,"1,126.21",-0.07%
1-Apr-04,"1,132.17",0.53%
2-Apr-04,"1,141.81",0.85%
5-Apr-04,"1,150.57",0.76%
6-Apr-04,"1,148.16",-0.21%
7-Apr-04,"1,140.53",-0.67%
8-Apr-04,"1,139.32",-0.11%
12-Apr-04,"1,145.20",0.51%
13-Apr-04,"1,129.44",-1.39%
14-Apr-04,"1,128.17",-0.11%
15-Apr-04,"1,128.84",0.06%
16-Apr-04,"1,134.61",0.51%
19-Apr-04,"1,135.82",0.11%
20-Apr-04,"1,118.15",-1.57%
21-Apr-04,"1,124.09",0.53%
22-Apr-04,"1,139.93",1.40%
23-Apr-04,"1,140.60",0.06%
26-Apr-04,"1,135.53",-0.45%
27-Apr-04,"1,138.11",0.23%
28-Apr-04,"1,122.41",-1.39%
29-Apr-04,"1,113.89",-0.76%
30-Apr-04,"1,107.30",-0.59%
3-May-04,"1,117.49",0.92%
4-May-04,"1,119.55",0.18%
5-May-04,"1,121.53",0.18%
6-May-04,"1,113.99",-0.67%
7-May-04,"1,098.70",-1.38%
10-May-04,"1,087.12",-1.06%
11-May-04,"1,095.45",0.76%
12-May-04,"1,097.28",0.17%
13-May-04,"1,096.44",-0.08%
14-May-04,"1,095.70",-0.07%
17-May-04,"1,084.10",-1.06%
18-May-04,"1,091.49",0.68%
19-May-04,"1,088.68",-0.26%
20-May-04,"1,089.19",0.05%
21-May-04,"1,093.56",0.40%
24-May-04,"1,095.41",0.17%
25-May-04,"1,113.05",1.60%
26-May-04,"1,114.94",0.17%
27-May-04,"1,121.28",0.57%
28-May-04,"1,120.68",-0.05%
1-Jun-04,"1,121.20",0.05%
2-Jun-04,"1,124.99",0.34%
3-Jun-04,"1,116.64",-0.74%
4-Jun-04,"1,122.50",0.52%
7-Jun-04,"1,140.42",1.58%
8-Jun-04,"1,142.18",0.15%
9-Jun-04,"1,131.33",-0.95%
10-Jun-04,"1,136.47",0.45%
14-Jun-04,"1,125.29",-0.99%
15-Jun-04,"1,132.01",0.60%
16-Jun-04,"1,133.56",0.14%
17-Jun-04,"1,132.05",-0.13%
18-Jun-04,"1,135.02",0.26%
21-Jun-04,"1,130.30",-0.42%
22-Jun-04,"1,134.41",0.36%
23-Jun-04,"1,144.06",0.85%
24-Jun-04,"1,140.65",-0.30%
25-Jun-04,"1,134.43",-0.55%
28-Jun-04,"1,133.35",-0.10%
29-Jun-04,"1,136.20",0.25%
30-Jun-04,"1,140.84",0.41%
1-Jul-04,"1,128.94",-1.05%
2-Jul-04,"1,125.38",-0.32%
6-Jul-04,"1,116.21",-0.82%
7-Jul-04,"1,118.33",0.19%
8-Jul-04,"1,109.11",-0.83%
9-Jul-04,"1,112.81",0.33%
12-Jul-04,"1,114.35",0.14%
13-Jul-04,"1,115.14",0.07%
14-Jul-04,"1,111.47",-0.33%
15-Jul-04,"1,106.69",-0.43%
16-Jul-04,"1,101.39",-0.48%
19-Jul-04,"1,100.90",-0.04%
20-Jul-04,"1,108.67",0.70%
21-Jul-04,"1,093.88",-1.34%
22-Jul-04,"1,096.84",0.27%
23-Jul-04,"1,086.20",-0.97%
26-Jul-04,"1,084.07",-0.20%
27-Jul-04,"1,094.83",0.99%
28-Jul-04,"1,095.42",0.05%
29-Jul-04,"1,100.43",0.46%
30-Jul-04,"1,101.72",0.12%
2-Aug-04,"1,106.62",0.44%
3-Aug-04,"1,099.69",-0.63%
4-Aug-04,"1,098.63",-0.10%
5-Aug-04,"1,080.70",-1.65%
6-Aug-04,"1,063.97",-1.56%
9-Aug-04,"1,065.22",0.12%
10-Aug-04,"1,079.04",1.29%
11-Aug-04,"1,075.79",-0.30%
12-Aug-04,"1,063.23",-1.17%
13-Aug-04,"1,064.80",0.15%
16-Aug-04,"1,079.34",1.36%
17-Aug-04,"1,081.71",0.22%
18-Aug-04,"1,095.17",1.24%
19-Aug-04,"1,091.23",-0.36%
20-Aug-04,"1,098.35",0.65%
23-Aug-04,"1,095.68",-0.24%
24-Aug-04,"1,096.19",0.05%
25-Aug-04,"1,104.96",0.80%
26-Aug-04,"1,105.09",0.01%
27-Aug-04,"1,107.77",0.24%
30-Aug-04,"1,099.15",-0.78%
31-Aug-04,"1,104.24",0.46%
1-Sep-04,"1,105.91",0.15%
2-Sep-04,"1,118.31",1.12%
3-Sep-04,"1,113.63",-0.42%
7-Sep-04,"1,121.30",0.69%
8-Sep-04,"1,116.27",-0.45%
9-Sep-04,"1,118.38",0.19%
10-Sep-04,"1,123.92",0.49%
13-Sep-04,"1,125.82",0.17%
14-Sep-04,"1,128.33",0.22%
15-Sep-04,"1,120.37",-0.71%
16-Sep-04,"1,123.50",0.28%
17-Sep-04,"1,128.55",0.45%
20-Sep-04,"1,122.20",-0.56%
21-Sep-04,"1,129.30",0.63%
22-Sep-04,"1,113.56",-1.40%
23-Sep-04,"1,108.36",-0.47%
24-Sep-04,"1,110.11",0.16%
27-Sep-04,"1,103.52",-0.60%
28-Sep-04,"1,110.06",0.59%
29-Sep-04,"1,114.80",0.43%
30-Sep-04,"1,114.58",-0.02%
1-Oct-04,"1,131.50",1.51%
4-Oct-04,"1,135.17",0.32%
5-Oct-04,"1,134.48",-0.06%
6-Oct-04,"1,142.05",0.67%
7-Oct-04,"1,130.65",-1.00%
8-Oct-04,"1,122.14",-0.76%
11-Oct-04,"1,124.39",0.20%
12-Oct-04,"1,121.84",-0.23%
13-Oct-04,"1,113.65",-0.73%
14-Oct-04,"1,103.29",-0.93%
15-Oct-04,"1,108.20",0.44%
18-Oct-04,"1,114.02",0.52%
19-Oct-04,"1,103.23",-0.97%
20-Oct-04,"1,103.66",0.04%
21-Oct-04,"1,106.49",0.26%
22-Oct-04,"1,095.74",-0.98%
25-Oct-04,"1,094.80",-0.09%
26-Oct-04,"1,111.09",1.48%
27-Oct-04,"1,125.40",1.28%
28-Oct-04,"1,127.44",0.18%
29-Oct-04,"1,130.20",0.24%
1-Nov-04,"1,130.51",0.03%
2-Nov-04,"1,130.56",0.00%
3-Nov-04,"1,143.20",1.11%
4-Nov-04,"1,161.67",1.60%
5-Nov-04,"1,166.17",0.39%
8-Nov-04,"1,164.89",-0.11%
9-Nov-04,"1,164.08",-0.07%
10-Nov-04,"1,162.91",-0.10%
11-Nov-04,"1,173.48",0.90%
12-Nov-04,"1,184.17",0.91%
15-Nov-04,"1,183.81",-0.03%
16-Nov-04,"1,175.43",-0.71%
17-Nov-04,"1,181.94",0.55%
18-Nov-04,"1,183.55",0.14%
19-Nov-04,"1,170.34",-1.12%
22-Nov-04,"1,177.24",0.59%
23-Nov-04,"1,176.94",-0.03%
24-Nov-04,"1,181.76",0.41%
26-Nov-04,"1,182.65",0.08%
29-Nov-04,"1,178.57",-0.35%
30-Nov-04,"1,173.82",-0.40%
1-Dec-04,"1,191.37",1.48%
2-Dec-04,"1,190.33",-0.09%
3-Dec-04,"1,191.17",0.07%
6-Dec-04,"1,190.25",-0.08%
7-Dec-04,"1,177.07",-1.11%
8-Dec-04,"1,182.81",0.49%
9-Dec-04,"1,189.24",0.54%
10-Dec-04,"1,188.00",-0.10%
13-Dec-04,"1,198.68",0.89%
14-Dec-04,"1,203.38",0.39%
15-Dec-04,"1,205.72",0.19%
16-Dec-04,"1,203.21",-0.21%
17-Dec-04,"1,194.20",-0.75%
20-Dec-04,"1,194.65",0.04%
21-Dec-04,"1,205.45",0.90%
22-Dec-04,"1,209.57",0.34%
23-Dec-04,"1,210.13",0.05%
27-Dec-04,"1,204.92",-0.43%
28-Dec-04,"1,213.54",0.71%
29-Dec-04,"1,213.45",-0.01%
30-Dec-04,"1,213.55",0.01%
31-Dec-04,"1,211.92",-0.13%
3-Jan-05,"1,202.08",-0.82%
4-Jan-05,"1,188.05",-1.17%
5-Jan-05,"1,183.74",-0.36%
6-Jan-05,"1,187.89",0.35%
7-Jan-05,"1,186.19",-0.14%
10-Jan-05,"1,190.25",0.34%
11-Jan-05,"1,182.99",-0.61%
12-Jan-05,"1,187.70",0.40%
13-Jan-05,"1,177.45",-0.87%
14-Jan-05,"1,184.52",0.60%
18-Jan-05,"1,195.98",0.96%
19-Jan-05,"1,184.63",-0.95%
20-Jan-05,"1,175.41",-0.78%
21-Jan-05,"1,167.87",-0.64%
24-Jan-05,"1,163.75",-0.35%
25-Jan-05,"1,168.41",0.40%
26-Jan-05,"1,174.07",0.48%
27-Jan-05,"1,174.55",0.04%
28-Jan-05,"1,171.36",-0.27%
31-Jan-05,"1,181.27",0.84%
1-Feb-05,"1,189.41",0.69%
2-Feb-05,"1,193.19",0.32%
3-Feb-05,"1,189.89",-0.28%
4-Feb-05,"1,203.03",1.10%
7-Feb-05,"1,201.72",-0.11%
8-Feb-05,"1,202.30",0.05%
9-Feb-05,"1,191.99",-0.86%
10-Feb-05,"1,197.01",0.42%
11-Feb-05,"1,205.30",0.69%
14-Feb-05,"1,206.14",0.07%
15-Feb-05,"1,210.12",0.33%
16-Feb-05,"1,210.34",0.02%
17-Feb-05,"1,200.75",-0.80%
18-Feb-05,"1,201.59",0.07%
22-Feb-05,"1,184.16",-1.46%
23-Feb-05,"1,190.80",0.56%
24-Feb-05,"1,200.20",0.79%
25-Feb-05,"1,211.37",0.93%
28-Feb-05,"1,203.60",-0.64%
1-Mar-05,"1,210.41",0.56%
2-Mar-05,"1,210.08",-0.03%
3-Mar-05,"1,210.47",0.03%
4-Mar-05,"1,222.12",0.96%
7-Mar-05,"1,225.31",0.26%
8-Mar-05,"1,219.43",-0.48%
9-Mar-05,"1,207.01",-1.02%
10-Mar-05,"1,209.25",0.19%
11-Mar-05,"1,200.08",-0.76%
14-Mar-05,"1,206.83",0.56%
15-Mar-05,"1,197.75",-0.76%
16-Mar-05,"1,188.07",-0.81%
17-Mar-05,"1,190.21",0.18%
18-Mar-05,"1,189.65",-0.05%
21-Mar-05,"1,183.78",-0.49%
22-Mar-05,"1,171.71",-1.02%
23-Mar-05,"1,172.53",0.07%
24-Mar-05,"1,171.42",-0.09%
28-Mar-05,"1,174.28",0.24%
29-Mar-05,"1,165.36",-0.76%
30-Mar-05,"1,181.41",1.37%
31-Mar-05,"1,180.59",-0.07%
1-Apr-05,"1,172.92",-0.65%
4-Apr-05,"1,176.12",0.27%
5-Apr-05,"1,181.39",0.45%
6-Apr-05,"1,184.07",0.23%
7-Apr-05,"1,191.14",0.60%
8-Apr-05,"1,181.20",-0.84%
11-Apr-05,"1,181.21",0.00%
12-Apr-05,"1,187.76",0.55%
13-Apr-05,"1,173.79",-1.18%
14-Apr-05,"1,162.05",-1.01%
15-Apr-05,"1,142.62",-1.69%
18-Apr-05,"1,145.98",0.29%
19-Apr-05,"1,152.78",0.59%
20-Apr-05,"1,137.50",-1.33%
21-Apr-05,"1,159.95",1.95%
22-Apr-05,"1,152.12",-0.68%
25-Apr-05,"1,162.10",0.86%
26-Apr-05,"1,151.83",-0.89%
27-Apr-05,"1,156.38",0.39%
28-Apr-05,"1,143.22",-1.14%
29-Apr-05,"1,156.85",1.19%
2-May-05,"1,162.16",0.46%
3-May-05,"1,161.17",-0.09%
4-May-05,"1,175.65",1.24%
5-May-05,"1,172.63",-0.26%
6-May-05,"1,171.35",-0.11%
9-May-05,"1,178.84",0.64%
10-May-05,"1,166.22",-1.08%
11-May-05,"1,171.11",0.42%
12-May-05,"1,159.36",-1.01%
13-May-05,"1,154.05",-0.46%
16-May-05,"1,165.69",1.00%
17-May-05,"1,173.80",0.69%
18-May-05,"1,185.56",1.00%
19-May-05,"1,191.08",0.46%
20-May-05,"1,189.28",-0.15%
23-May-05,"1,193.86",0.38%
24-May-05,"1,194.07",0.02%
25-May-05,"1,190.01",-0.34%
26-May-05,"1,197.62",0.64%
27-May-05,"1,198.78",0.10%
31-May-05,"1,191.50",-0.61%
1-Jun-05,"1,202.22",0.90%
2-Jun-05,"1,204.29",0.17%
3-Jun-05,"1,196.02",-0.69%
6-Jun-05,"1,197.51",0.12%
7-Jun-05,"1,197.26",-0.02%
8-Jun-05,"1,194.67",-0.22%
9-Jun-05,"1,200.93",0.52%
10-Jun-05,"1,198.11",-0.24%
13-Jun-05,"1,200.82",0.23%
14-Jun-05,"1,203.91",0.26%
15-Jun-05,"1,206.58",0.22%
16-Jun-05,"1,210.96",0.36%
17-Jun-05,"1,216.96",0.49%
20-Jun-05,"1,216.10",-0.07%
21-Jun-05,"1,213.61",-0.20%
22-Jun-05,"1,213.88",0.02%
23-Jun-05,"1,200.73",-1.09%
24-Jun-05,"1,191.57",-0.77%
27-Jun-05,"1,190.69",-0.07%
28-Jun-05,"1,201.57",0.91%
29-Jun-05,"1,199.85",-0.14%
30-Jun-05,"1,191.33",-0.71%
1-Jul-05,"1,194.44",0.26%
5-Jul-05,"1,204.99",0.88%
6-Jul-05,"1,194.94",-0.84%
7-Jul-05,"1,197.87",0.24%
8-Jul-05,"1,211.86",1.16%
11-Jul-05,"1,219.44",0.62%
12-Jul-05,"1,222.21",0.23%
13-Jul-05,"1,223.29",0.09%
14-Jul-05,"1,226.50",0.26%
15-Jul-05,"1,227.92",0.12%
18-Jul-05,"1,221.13",-0.55%
19-Jul-05,"1,229.35",0.67%
20-Jul-05,"1,235.20",0.47%
21-Jul-05,"1,227.04",-0.66%
22-Jul-05,"1,233.68",0.54%
25-Jul-05,"1,229.03",-0.38%
26-Jul-05,"1,231.16",0.17%
27-Jul-05,"1,236.79",0.46%
28-Jul-05,"1,243.72",0.56%
29-Jul-05,"1,234.18",-0.77%
1-Aug-05,"1,235.35",0.09%
2-Aug-05,"1,244.12",0.71%
3-Aug-05,"1,245.04",0.07%
4-Aug-05,"1,235.86",-0.74%
5-Aug-05,"1,226.42",-0.77%
8-Aug-05,"1,223.13",-0.27%
9-Aug-05,"1,231.38",0.67%
10-Aug-05,"1,229.13",-0.18%
11-Aug-05,"1,237.81",0.70%
12-Aug-05,"1,230.39",-0.60%
15-Aug-05,"1,233.87",0.28%
16-Aug-05,"1,219.34",-1.18%
17-Aug-05,"1,220.24",0.07%
18-Aug-05,"1,219.02",-0.10%
19-Aug-05,"1,219.71",0.06%
22-Aug-05,"1,221.73",0.17%
23-Aug-05,"1,217.59",-0.34%
24-Aug-05,"1,209.59",-0.66%
25-Aug-05,"1,212.37",0.23%
26-Aug-05,"1,205.10",-0.60%
29-Aug-05,"1,212.28",0.59%
30-Aug-05,"1,208.41",-0.32%
31-Aug-05,"1,220.33",0.98%
1-Sep-05,"1,221.59",0.10%
2-Sep-05,"1,218.02",-0.29%
6-Sep-05,"1,233.39",1.25%
7-Sep-05,"1,236.36",0.24%
8-Sep-05,"1,231.67",-0.38%
9-Sep-05,"1,241.48",0.79%
12-Sep-05,"1,240.56",-0.07%
13-Sep-05,"1,231.20",-0.76%
14-Sep-05,"1,227.16",-0.33%
15-Sep-05,"1,227.73",0.05%
16-Sep-05,"1,237.91",0.83%
19-Sep-05,"1,231.02",-0.56%
20-Sep-05,"1,221.34",-0.79%
21-Sep-05,"1,210.20",-0.92%
22-Sep-05,"1,214.62",0.36%
23-Sep-05,"1,215.29",0.06%
26-Sep-05,"1,215.63",0.03%
27-Sep-05,"1,215.66",0.00%
28-Sep-05,"1,216.89",0.10%
29-Sep-05,"1,227.68",0.88%
30-Sep-05,"1,228.81",0.09%
3-Oct-05,"1,226.70",-0.17%
4-Oct-05,"1,214.47",-1.00%
5-Oct-05,"1,196.39",-1.50%
6-Oct-05,"1,191.49",-0.41%
7-Oct-05,"1,195.90",0.37%
10-Oct-05,"1,187.33",-0.72%
11-Oct-05,"1,184.87",-0.21%
12-Oct-05,"1,177.68",-0.61%
13-Oct-05,"1,176.84",-0.07%
14-Oct-05,"1,186.57",0.82%
17-Oct-05,"1,190.10",0.30%
18-Oct-05,"1,178.14",-1.01%
19-Oct-05,"1,195.76",1.48%
20-Oct-05,"1,177.80",-1.51%
21-Oct-05,"1,179.59",0.15%
24-Oct-05,"1,199.38",1.66%
25-Oct-05,"1,196.54",-0.24%
26-Oct-05,"1,191.38",-0.43%
27-Oct-05,"1,178.90",-1.05%
28-Oct-05,"1,198.41",1.64%
31-Oct-05,"1,207.01",0.72%
1-Nov-05,"1,202.76",-0.35%
2-Nov-05,"1,214.76",0.99%
3-Nov-05,"1,219.94",0.43%
4-Nov-05,"1,220.14",0.02%
7-Nov-05,"1,222.81",0.22%
8-Nov-05,"1,218.59",-0.35%
9-Nov-05,"1,220.65",0.17%
10-Nov-05,"1,230.96",0.84%
11-Nov-05,"1,234.72",0.30%
14-Nov-05,"1,233.76",-0.08%
15-Nov-05,"1,229.01",-0.39%
16-Nov-05,"1,231.21",0.18%
17-Nov-05,"1,242.80",0.94%
18-Nov-05,"1,248.27",0.44%
21-Nov-05,"1,254.85",0.53%
22-Nov-05,"1,261.23",0.51%
23-Nov-05,"1,265.61",0.35%
25-Nov-05,"1,268.25",0.21%
28-Nov-05,"1,257.46",-0.85%
29-Nov-05,"1,257.48",0.00%
30-Nov-05,"1,249.48",-0.64%
1-Dec-05,"1,264.67",1.21%
2-Dec-05,"1,265.08",0.03%
5-Dec-05,"1,262.09",-0.24%
6-Dec-05,"1,263.70",0.13%
7-Dec-05,"1,257.37",-0.50%
8-Dec-05,"1,255.84",-0.12%
9-Dec-05,"1,259.37",0.28%
12-Dec-05,"1,260.43",0.08%
13-Dec-05,"1,267.43",0.55%
14-Dec-05,"1,272.74",0.42%
15-Dec-05,"1,270.94",-0.14%
16-Dec-05,"1,267.32",-0.29%
19-Dec-05,"1,259.92",-0.59%
20-Dec-05,"1,259.62",-0.02%
21-Dec-05,"1,262.79",0.25%
22-Dec-05,"1,268.12",0.42%
23-Dec-05,"1,268.66",0.04%
27-Dec-05,"1,256.54",-0.96%
28-Dec-05,"1,258.17",0.13%
29-Dec-05,"1,254.42",-0.30%
30-Dec-05,"1,248.29",-0.49%
3-Jan-06,"1,268.80",1.63%
4-Jan-06,"1,273.46",0.37%
5-Jan-06,"1,273.48",0.00%
6-Jan-06,"1,285.45",0.94%
9-Jan-06,"1,290.15",0.36%
10-Jan-06,"1,289.69",-0.04%
11-Jan-06,"1,294.18",0.35%
12-Jan-06,"1,286.06",-0.63%
13-Jan-06,"1,287.61",0.12%
17-Jan-06,"1,282.93",-0.36%
18-Jan-06,"1,277.93",-0.39%
19-Jan-06,"1,285.04",0.55%
20-Jan-06,"1,261.49",-1.85%
23-Jan-06,"1,263.82",0.18%
24-Jan-06,"1,266.86",0.24%
25-Jan-06,"1,264.68",-0.17%
26-Jan-06,"1,273.83",0.72%
27-Jan-06,"1,283.72",0.77%
30-Jan-06,"1,285.19",0.11%
31-Jan-06,"1,280.08",-0.40%
1-Feb-06,"1,282.46",0.19%
2-Feb-06,"1,270.84",-0.91%
3-Feb-06,"1,264.03",-0.54%
6-Feb-06,"1,265.02",0.08%
7-Feb-06,"1,254.78",-0.81%
8-Feb-06,"1,265.65",0.86%
9-Feb-06,"1,263.78",-0.15%
10-Feb-06,"1,266.99",0.25%
13-Feb-06,"1,262.86",-0.33%
14-Feb-06,"1,275.53",1.00%
15-Feb-06,"1,280.00",0.35%
16-Feb-06,"1,289.38",0.73%
17-Feb-06,"1,287.24",-0.17%
21-Feb-06,"1,283.03",-0.33%
22-Feb-06,"1,292.67",0.75%
23-Feb-06,"1,287.79",-0.38%
24-Feb-06,"1,289.43",0.13%
27-Feb-06,"1,294.12",0.36%
28-Feb-06,"1,280.66",-1.05%
1-Mar-06,"1,291.24",0.82%
2-Mar-06,"1,289.14",-0.16%
3-Mar-06,"1,287.23",-0.15%
6-Mar-06,"1,278.26",-0.70%
7-Mar-06,"1,275.88",-0.19%
8-Mar-06,"1,278.47",0.20%
9-Mar-06,"1,272.23",-0.49%
10-Mar-06,"1,281.42",0.72%
13-Mar-06,"1,284.13",0.21%
14-Mar-06,"1,297.48",1.03%
15-Mar-06,"1,303.02",0.43%
16-Mar-06,"1,305.33",0.18%
17-Mar-06,"1,307.25",0.15%
20-Mar-06,"1,305.08",-0.17%
21-Mar-06,"1,297.23",-0.60%
22-Mar-06,"1,305.04",0.60%
23-Mar-06,"1,301.67",-0.26%
24-Mar-06,"1,302.95",0.10%
27-Mar-06,"1,301.61",-0.10%
28-Mar-06,"1,293.23",-0.65%
29-Mar-06,"1,302.89",0.74%
30-Mar-06,"1,300.25",-0.20%
31-Mar-06,"1,294.87",-0.41%
3-Apr-06,"1,297.81",0.23%
4-Apr-06,"1,305.93",0.62%
5-Apr-06,"1,311.56",0.43%
6-Apr-06,"1,309.04",-0.19%
7-Apr-06,"1,295.50",-1.04%
10-Apr-06,"1,296.62",0.09%
11-Apr-06,"1,286.57",-0.78%
12-Apr-06,"1,288.12",0.12%
13-Apr-06,"1,289.12",0.08%
17-Apr-06,"1,285.33",-0.29%
18-Apr-06,"1,307.28",1.69%
19-Apr-06,"1,309.93",0.20%
20-Apr-06,"1,311.46",0.12%
21-Apr-06,"1,311.28",-0.01%
24-Apr-06,"1,308.11",-0.24%
25-Apr-06,"1,301.74",-0.49%
26-Apr-06,"1,305.41",0.28%
27-Apr-06,"1,309.72",0.33%
28-Apr-06,"1,310.61",0.07%
1-May-06,"1,305.19",-0.41%
2-May-06,"1,313.21",0.61%
3-May-06,"1,308.12",-0.39%
4-May-06,"1,312.25",0.32%
5-May-06,"1,325.76",1.02%
8-May-06,"1,324.66",-0.08%
9-May-06,"1,325.14",0.04%
10-May-06,"1,322.85",-0.17%
11-May-06,"1,305.92",-1.29%
12-May-06,"1,291.24",-1.13%
15-May-06,"1,294.50",0.25%
16-May-06,"1,292.08",-0.19%
17-May-06,"1,270.32",-1.70%
18-May-06,"1,261.81",-0.67%
19-May-06,"1,267.03",0.41%
22-May-06,"1,262.07",-0.39%
23-May-06,"1,256.58",-0.44%
24-May-06,"1,258.57",0.16%
25-May-06,"1,272.88",1.13%
26-May-06,"1,280.16",0.57%
30-May-06,"1,259.87",-1.60%
31-May-06,"1,270.09",0.81%
1-Jun-06,"1,285.71",1.22%
2-Jun-06,"1,288.22",0.20%
5-Jun-06,"1,265.29",-1.80%
6-Jun-06,"1,263.85",-0.11%
7-Jun-06,"1,256.15",-0.61%
8-Jun-06,"1,257.93",0.14%
9-Jun-06,"1,252.30",-0.45%
12-Jun-06,"1,237.44",-1.19%
13-Jun-06,"1,223.69",-1.12%
14-Jun-06,"1,230.04",0.52%
15-Jun-06,"1,256.16",2.10%
16-Jun-06,"1,251.54",-0.37%
19-Jun-06,"1,240.13",-0.92%
20-Jun-06,"1,240.12",0.00%
21-Jun-06,"1,252.20",0.97%
22-Jun-06,"1,245.60",-0.53%
23-Jun-06,"1,244.50",-0.09%
26-Jun-06,"1,250.56",0.49%
27-Jun-06,"1,239.20",-0.91%
28-Jun-06,"1,246.00",0.55%
29-Jun-06,"1,272.87",2.13%
30-Jun-06,"1,270.20",-0.21%
3-Jul-06,"1,280.19",0.78%
5-Jul-06,"1,270.91",-0.73%
6-Jul-06,"1,274.08",0.25%
7-Jul-06,"1,265.48",-0.68%
10-Jul-06,"1,267.34",0.15%
11-Jul-06,"1,272.43",0.40%
12-Jul-06,"1,258.60",-1.09%
13-Jul-06,"1,242.28",-1.31%
14-Jul-06,"1,236.20",-0.49%
17-Jul-06,"1,234.49",-0.14%
18-Jul-06,"1,236.86",0.19%
19-Jul-06,"1,259.81",1.84%
20-Jul-06,"1,249.13",-0.85%
21-Jul-06,"1,240.29",-0.71%
24-Jul-06,"1,260.91",1.65%
25-Jul-06,"1,268.88",0.63%
26-Jul-06,"1,268.40",-0.04%
27-Jul-06,"1,263.20",-0.41%
28-Jul-06,"1,278.55",1.21%
31-Jul-06,"1,276.66",-0.15%
1-Aug-06,"1,270.92",-0.45%
2-Aug-06,"1,277.41",0.51%
3-Aug-06,"1,280.27",0.22%
4-Aug-06,"1,279.36",-0.07%
7-Aug-06,"1,275.77",-0.28%
8-Aug-06,"1,271.48",-0.34%
9-Aug-06,"1,265.95",-0.44%
10-Aug-06,"1,271.81",0.46%
11-Aug-06,"1,266.74",-0.40%
14-Aug-06,"1,268.21",0.12%
15-Aug-06,"1,285.58",1.36%
16-Aug-06,"1,295.43",0.76%
17-Aug-06,"1,297.48",0.16%
18-Aug-06,"1,302.30",0.37%
21-Aug-06,"1,297.52",-0.37%
22-Aug-06,"1,298.82",0.10%
23-Aug-06,"1,292.99",-0.45%
24-Aug-06,"1,296.06",0.24%
25-Aug-06,"1,295.09",-0.07%
28-Aug-06,"1,301.78",0.52%
29-Aug-06,"1,304.28",0.19%
30-Aug-06,"1,305.37",0.08%
31-Aug-06,"1,303.82",-0.12%
1-Sep-06,"1,311.01",0.55%
5-Sep-06,"1,313.25",0.17%
6-Sep-06,"1,300.26",-0.99%
7-Sep-06,"1,294.02",-0.48%
8-Sep-06,"1,298.92",0.38%
11-Sep-06,"1,299.54",0.05%
12-Sep-06,"1,313.00",1.03%
13-Sep-06,"1,318.07",0.39%
14-Sep-06,"1,316.28",-0.14%
15-Sep-06,"1,319.66",0.26%
18-Sep-06,"1,321.18",0.12%
19-Sep-06,"1,317.64",-0.27%
20-Sep-06,"1,325.18",0.57%
21-Sep-06,"1,318.03",-0.54%
22-Sep-06,"1,314.78",-0.25%
25-Sep-06,"1,326.37",0.88%
26-Sep-06,"1,336.35",0.75%
27-Sep-06,"1,336.59",0.02%
28-Sep-06,"1,338.88",0.17%
29-Sep-06,"1,335.85",-0.23%
2-Oct-06,"1,331.32",-0.34%
3-Oct-06,"1,334.11",0.21%
4-Oct-06,"1,350.20",1.20%
5-Oct-06,"1,353.22",0.22%
6-Oct-06,"1,349.59",-0.27%
9-Oct-06,"1,350.66",0.08%
10-Oct-06,"1,353.42",0.20%
11-Oct-06,"1,349.95",-0.26%
12-Oct-06,"1,362.83",0.95%
13-Oct-06,"1,365.62",0.20%
16-Oct-06,"1,369.06",0.25%
17-Oct-06,"1,364.05",-0.37%
18-Oct-06,"1,365.80",0.13%
19-Oct-06,"1,366.96",0.08%
20-Oct-06,"1,368.60",0.12%
23-Oct-06,"1,377.02",0.61%
24-Oct-06,"1,377.38",0.03%
25-Oct-06,"1,382.22",0.35%
26-Oct-06,"1,389.08",0.50%
27-Oct-06,"1,377.34",-0.85%
30-Oct-06,"1,377.93",0.04%
31-Oct-06,"1,377.94",0.00%
1-Nov-06,"1,367.81",-0.74%
2-Nov-06,"1,367.34",-0.03%
3-Nov-06,"1,364.30",-0.22%
6-Nov-06,"1,379.78",1.13%
7-Nov-06,"1,382.84",0.22%
8-Nov-06,"1,385.72",0.21%
9-Nov-06,"1,378.33",-0.53%
10-Nov-06,"1,380.90",0.19%
13-Nov-06,"1,384.42",0.25%
14-Nov-06,"1,393.22",0.63%
15-Nov-06,"1,396.57",0.24%
16-Nov-06,"1,399.76",0.23%
17-Nov-06,"1,401.20",0.10%
20-Nov-06,"1,400.50",-0.05%
21-Nov-06,"1,402.81",0.16%
22-Nov-06,"1,406.09",0.23%
24-Nov-06,"1,400.95",-0.37%
27-Nov-06,"1,381.96",-1.36%
28-Nov-06,"1,386.72",0.34%
29-Nov-06,"1,399.48",0.92%
30-Nov-06,"1,400.63",0.08%
1-Dec-06,"1,396.71",-0.28%
4-Dec-06,"1,409.12",0.88%
5-Dec-06,"1,414.76",0.40%
6-Dec-06,"1,412.90",-0.13%
7-Dec-06,"1,407.29",-0.40%
8-Dec-06,"1,409.84",0.18%
11-Dec-06,"1,413.04",0.23%
12-Dec-06,"1,411.56",-0.10%
13-Dec-06,"1,413.21",0.12%
14-Dec-06,"1,425.49",0.87%
15-Dec-06,"1,427.09",0.11%
18-Dec-06,"1,422.48",-0.32%
19-Dec-06,"1,425.55",0.22%
20-Dec-06,"1,423.53",-0.14%
21-Dec-06,"1,418.30",-0.37%
22-Dec-06,"1,410.76",-0.53%
26-Dec-06,"1,416.90",0.43%
27-Dec-06,"1,426.84",0.70%
28-Dec-06,"1,424.73",-0.15%
29-Dec-06,"1,418.30",-0.45%
3-Jan-07,"1,416.60",-0.12%
4-Jan-07,"1,418.34",0.12%
5-Jan-07,"1,409.71",-0.61%
8-Jan-07,"1,412.84",0.22%
9-Jan-07,"1,412.11",-0.05%
10-Jan-07,"1,414.85",0.19%
11-Jan-07,"1,423.82",0.63%
12-Jan-07,"1,430.73",0.48%
16-Jan-07,"1,431.90",0.08%
17-Jan-07,"1,430.62",-0.09%
18-Jan-07,"1,426.37",-0.30%
19-Jan-07,"1,430.50",0.29%
22-Jan-07,"1,422.95",-0.53%
23-Jan-07,"1,427.99",0.35%
24-Jan-07,"1,440.13",0.85%
25-Jan-07,"1,423.90",-1.13%
26-Jan-07,"1,422.18",-0.12%
29-Jan-07,"1,420.62",-0.11%
30-Jan-07,"1,428.82",0.58%
31-Jan-07,"1,438.24",0.66%
1-Feb-07,"1,445.94",0.53%
2-Feb-07,"1,448.39",0.17%
5-Feb-07,"1,446.99",-0.10%
6-Feb-07,"1,448.00",0.07%
7-Feb-07,"1,450.02",0.14%
8-Feb-07,"1,448.31",-0.12%
9-Feb-07,"1,438.06",-0.71%
12-Feb-07,"1,433.37",-0.33%
13-Feb-07,"1,444.26",0.76%
14-Feb-07,"1,455.30",0.76%
15-Feb-07,"1,456.81",0.10%
16-Feb-07,"1,455.54",-0.09%
20-Feb-07,"1,459.68",0.28%
21-Feb-07,"1,457.63",-0.14%
22-Feb-07,"1,456.38",-0.09%
23-Feb-07,"1,451.19",-0.36%
26-Feb-07,"1,449.37",-0.13%
27-Feb-07,"1,399.04",-3.53%
28-Feb-07,"1,406.82",0.55%
1-Mar-07,"1,403.17",-0.26%
2-Mar-07,"1,387.17",-1.15%
5-Mar-07,"1,374.12",-0.95%
6-Mar-07,"1,395.41",1.54%
7-Mar-07,"1,391.97",-0.25%
8-Mar-07,"1,401.89",0.71%
9-Mar-07,"1,402.84",0.07%
12-Mar-07,"1,406.60",0.27%
13-Mar-07,"1,377.95",-2.06%
14-Mar-07,"1,387.17",0.67%
15-Mar-07,"1,392.28",0.37%
16-Mar-07,"1,386.95",-0.38%
19-Mar-07,"1,402.06",1.08%
20-Mar-07,"1,410.94",0.63%
21-Mar-07,"1,435.04",1.69%
22-Mar-07,"1,434.54",-0.03%
23-Mar-07,"1,436.11",0.11%
26-Mar-07,"1,437.50",0.10%
27-Mar-07,"1,428.61",-0.62%
28-Mar-07,"1,417.23",-0.80%
29-Mar-07,"1,422.53",0.37%
30-Mar-07,"1,420.86",-0.12%
2-Apr-07,"1,424.55",0.26%
3-Apr-07,"1,437.77",0.92%
4-Apr-07,"1,439.37",0.11%
5-Apr-07,"1,443.76",0.30%
9-Apr-07,"1,444.61",0.06%
10-Apr-07,"1,448.39",0.26%
11-Apr-07,"1,438.87",-0.66%
12-Apr-07,"1,447.80",0.62%
13-Apr-07,"1,452.85",0.35%
16-Apr-07,"1,468.33",1.06%
17-Apr-07,"1,471.48",0.21%
18-Apr-07,"1,472.50",0.07%
19-Apr-07,"1,470.73",-0.12%
20-Apr-07,"1,484.35",0.92%
23-Apr-07,"1,480.93",-0.23%
24-Apr-07,"1,480.41",-0.04%
25-Apr-07,"1,495.42",1.01%
26-Apr-07,"1,494.25",-0.08%
27-Apr-07,"1,494.07",-0.01%
30-Apr-07,"1,482.37",-0.79%
1-May-07,"1,486.30",0.26%
2-May-07,"1,495.92",0.65%
3-May-07,"1,502.39",0.43%
4-May-07,"1,505.62",0.21%
7-May-07,"1,509.48",0.26%
8-May-07,"1,507.72",-0.12%
9-May-07,"1,512.58",0.32%
10-May-07,"1,491.47",-1.41%
11-May-07,"1,505.85",0.96%
14-May-07,"1,503.15",-0.18%
15-May-07,"1,501.19",-0.13%
16-May-07,"1,514.14",0.86%
17-May-07,"1,512.75",-0.09%
18-May-07,"1,522.75",0.66%
21-May-07,"1,525.10",0.15%
22-May-07,"1,524.12",-0.06%
23-May-07,"1,522.28",-0.12%
24-May-07,"1,507.51",-0.97%
25-May-07,"1,515.73",0.54%
29-May-07,"1,518.11",0.16%
30-May-07,"1,530.23",0.80%
31-May-07,"1,530.62",0.03%
1-Jun-07,"1,536.34",0.37%
4-Jun-07,"1,539.18",0.18%
5-Jun-07,"1,530.95",-0.54%
6-Jun-07,"1,517.38",-0.89%
7-Jun-07,"1,490.72",-1.77%
8-Jun-07,"1,507.67",1.13%
11-Jun-07,"1,509.12",0.10%
12-Jun-07,"1,493.00",-1.07%
13-Jun-07,"1,515.67",1.51%
14-Jun-07,"1,522.97",0.48%
15-Jun-07,"1,532.91",0.65%
18-Jun-07,"1,531.05",-0.12%
19-Jun-07,"1,533.70",0.17%
20-Jun-07,"1,512.84",-1.37%
21-Jun-07,"1,522.19",0.62%
22-Jun-07,"1,502.56",-1.30%
25-Jun-07,"1,497.74",-0.32%
26-Jun-07,"1,492.89",-0.32%
27-Jun-07,"1,506.34",0.90%
28-Jun-07,"1,505.71",-0.04%
29-Jun-07,"1,503.35",-0.16%
2-Jul-07,"1,519.43",1.06%
3-Jul-07,"1,524.87",0.36%
5-Jul-07,"1,525.40",0.03%
6-Jul-07,"1,530.44",0.33%
9-Jul-07,"1,531.85",0.09%
10-Jul-07,"1,510.12",-1.43%
11-Jul-07,"1,518.76",0.57%
12-Jul-07,"1,547.70",1.89%
13-Jul-07,"1,552.50",0.31%
16-Jul-07,"1,549.52",-0.19%
17-Jul-07,"1,549.37",-0.01%
18-Jul-07,"1,546.17",-0.21%
19-Jul-07,"1,553.08",0.45%
20-Jul-07,"1,534.10",-1.23%
23-Jul-07,"1,541.57",0.49%
24-Jul-07,"1,511.04",-2.00%
25-Jul-07,"1,518.09",0.47%
26-Jul-07,"1,482.66",-2.36%
27-Jul-07,"1,458.95",-1.61%
30-Jul-07,"1,473.91",1.02%
31-Jul-07,"1,455.27",-1.27%
1-Aug-07,"1,465.81",0.72%
2-Aug-07,"1,472.20",0.43%
3-Aug-07,"1,433.06",-2.69%
6-Aug-07,"1,467.67",2.39%
7-Aug-07,"1,476.71",0.61%
8-Aug-07,"1,497.49",1.40%
9-Aug-07,"1,453.09",-3.01%
10-Aug-07,"1,453.64",0.04%
13-Aug-07,"1,452.92",-0.05%
14-Aug-07,"1,426.54",-1.83%
15-Aug-07,"1,406.70",-1.40%
16-Aug-07,"1,411.27",0.32%
17-Aug-07,"1,445.94",2.43%
20-Aug-07,"1,445.55",-0.03%
21-Aug-07,"1,447.12",0.11%
22-Aug-07,"1,464.07",1.16%
23-Aug-07,"1,462.50",-0.11%
24-Aug-07,"1,479.37",1.15%
27-Aug-07,"1,466.79",-0.85%
28-Aug-07,"1,432.36",-2.38%
29-Aug-07,"1,463.76",2.17%
30-Aug-07,"1,457.64",-0.42%
31-Aug-07,"1,473.99",1.12%
4-Sep-07,"1,489.42",1.04%
5-Sep-07,"1,472.29",-1.16%
6-Sep-07,"1,478.55",0.42%
7-Sep-07,"1,453.55",-1.71%
10-Sep-07,"1,451.70",-0.13%
11-Sep-07,"1,471.49",1.35%
12-Sep-07,"1,471.56",0.00%
13-Sep-07,"1,483.95",0.84%
14-Sep-07,"1,484.25",0.02%
17-Sep-07,"1,476.65",-0.51%
18-Sep-07,"1,519.78",2.88%
19-Sep-07,"1,529.03",0.61%
20-Sep-07,"1,518.75",-0.67%
21-Sep-07,"1,525.75",0.46%
24-Sep-07,"1,517.73",-0.53%
25-Sep-07,"1,517.21",-0.03%
26-Sep-07,"1,525.42",0.54%
27-Sep-07,"1,531.38",0.39%
28-Sep-07,"1,526.75",-0.30%
1-Oct-07,"1,547.04",1.32%
2-Oct-07,"1,546.63",-0.03%
3-Oct-07,"1,539.59",-0.46%
4-Oct-07,"1,542.84",0.21%
5-Oct-07,"1,557.59",0.95%
8-Oct-07,"1,552.58",-0.32%
9-Oct-07,"1,565.15",0.81%
10-Oct-07,"1,562.47",-0.17%
11-Oct-07,"1,554.41",-0.52%
12-Oct-07,"1,561.80",0.47%
15-Oct-07,"1,548.71",-0.84%
16-Oct-07,"1,538.53",-0.66%
17-Oct-07,"1,541.24",0.18%
18-Oct-07,"1,540.08",-0.08%
19-Oct-07,"1,500.63",-2.59%
22-Oct-07,"1,506.33",0.38%
23-Oct-07,"1,519.59",0.88%
24-Oct-07,"1,515.88",-0.24%
25-Oct-07,"1,514.40",-0.10%
26-Oct-07,"1,535.28",1.37%
29-Oct-07,"1,540.98",0.37%
30-Oct-07,"1,531.02",-0.65%
31-Oct-07,"1,549.38",1.19%
1-Nov-07,"1,508.44",-2.68%
2-Nov-07,"1,509.65",0.08%
5-Nov-07,"1,502.17",-0.50%
6-Nov-07,"1,520.27",1.20%
7-Nov-07,"1,475.62",-2.98%
8-Nov-07,"1,474.77",-0.06%
9-Nov-07,"1,453.70",-1.44%
12-Nov-07,"1,439.18",-1.00%
13-Nov-07,"1,481.05",2.87%
14-Nov-07,"1,470.58",-0.71%
15-Nov-07,"1,451.15",-1.33%
16-Nov-07,"1,458.74",0.52%
19-Nov-07,"1,433.27",-1.76%
20-Nov-07,"1,439.70",0.45%
21-Nov-07,"1,416.77",-1.61%
23-Nov-07,"1,440.70",1.67%
26-Nov-07,"1,407.22",-2.35%
27-Nov-07,"1,428.23",1.48%
28-Nov-07,"1,469.02",2.82%
29-Nov-07,"1,469.72",0.05%
30-Nov-07,"1,481.14",0.77%
3-Dec-07,"1,472.42",-0.59%
4-Dec-07,"1,462.79",-0.66%
5-Dec-07,"1,485.01",1.51%
6-Dec-07,"1,507.34",1.49%
7-Dec-07,"1,504.66",-0.18%
10-Dec-07,"1,515.96",0.75%
11-Dec-07,"1,477.65",-2.56%
12-Dec-07,"1,486.59",0.60%
13-Dec-07,"1,488.41",0.12%
14-Dec-07,"1,467.95",-1.38%
17-Dec-07,"1,445.90",-1.51%
18-Dec-07,"1,454.98",0.63%
19-Dec-07,"1,453.00",-0.14%
20-Dec-07,"1,460.12",0.49%
21-Dec-07,"1,484.46",1.65%
24-Dec-07,"1,496.45",0.80%
26-Dec-07,"1,497.66",0.08%
27-Dec-07,"1,476.27",-1.44%
28-Dec-07,"1,478.49",0.15%
31-Dec-07,"1,468.36",-0.69%
2-Jan-08,"1,447.16",-1.45%
3-Jan-08,"1,447.16",0.00%
4-Jan-08,"1,411.63",-2.49%
7-Jan-08,"1,416.18",0.32%
8-Jan-08,"1,390.19",-1.85%
9-Jan-08,"1,409.13",1.35%
10-Jan-08,"1,420.33",0.79%
11-Jan-08,"1,401.02",-1.37%
14-Jan-08,"1,416.25",1.08%
15-Jan-08,"1,380.95",-2.52%
16-Jan-08,"1,373.20",-0.56%
17-Jan-08,"1,333.25",-2.95%
18-Jan-08,"1,325.19",-0.61%
22-Jan-08,"1,310.50",-1.11%
23-Jan-08,"1,338.60",2.12%
24-Jan-08,"1,352.07",1.00%
25-Jan-08,"1,330.61",-1.60%
28-Jan-08,"1,353.96",1.74%
29-Jan-08,"1,362.30",0.61%
30-Jan-08,"1,355.81",-0.48%
31-Jan-08,"1,378.55",1.66%
1-Feb-08,"1,395.42",1.22%
4-Feb-08,"1,380.82",-1.05%
5-Feb-08,"1,336.64",-3.25%
6-Feb-08,"1,326.45",-0.77%
7-Feb-08,"1,336.91",0.79%
8-Feb-08,"1,331.29",-0.42%
11-Feb-08,"1,339.13",0.59%
12-Feb-08,"1,348.86",0.72%
13-Feb-08,"1,367.21",1.35%
14-Feb-08,"1,348.86",-1.35%
15-Feb-08,"1,349.99",0.08%
19-Feb-08,"1,348.78",-0.09%
20-Feb-08,"1,360.03",0.83%
21-Feb-08,"1,342.53",-1.30%
22-Feb-08,"1,353.11",0.78%
25-Feb-08,"1,371.80",1.37%
26-Feb-08,"1,381.29",0.69%
27-Feb-08,"1,380.02",-0.09%
28-Feb-08,"1,367.68",-0.90%
29-Feb-08,"1,330.63",-2.75%
3-Mar-08,"1,331.34",0.05%
4-Mar-08,"1,326.75",-0.35%
5-Mar-08,"1,333.70",0.52%
6-Mar-08,"1,304.34",-2.23%
7-Mar-08,"1,293.37",-0.84%
10-Mar-08,"1,273.37",-1.56%
11-Mar-08,"1,320.65",3.65%
12-Mar-08,"1,308.77",-0.90%
13-Mar-08,"1,315.48",0.51%
14-Mar-08,"1,288.14",-2.10%
17-Mar-08,"1,276.60",-0.90%
18-Mar-08,"1,330.74",4.15%
19-Mar-08,"1,298.42",-2.46%
20-Mar-08,"1,329.51",2.37%
24-Mar-08,"1,349.88",1.52%
25-Mar-08,"1,352.99",0.23%
26-Mar-08,"1,341.13",-0.88%
27-Mar-08,"1,325.76",-1.15%
28-Mar-08,"1,315.22",-0.80%
31-Mar-08,"1,322.70",0.57%
1-Apr-08,"1,370.18",3.53%
2-Apr-08,"1,367.53",-0.19%
3-Apr-08,"1,369.31",0.13%
4-Apr-08,"1,370.40",0.08%
7-Apr-08,"1,372.54",0.16%
8-Apr-08,"1,365.54",-0.51%
9-Apr-08,"1,354.49",-0.81%
10-Apr-08,"1,360.55",0.45%
11-Apr-08,"1,332.83",-2.06%
14-Apr-08,"1,328.32",-0.34%
15-Apr-08,"1,334.43",0.46%
16-Apr-08,"1,364.71",2.24%
17-Apr-08,"1,365.56",0.06%
18-Apr-08,"1,390.33",1.80%
21-Apr-08,"1,388.17",-0.16%
22-Apr-08,"1,375.94",-0.88%
23-Apr-08,"1,379.93",0.29%
24-Apr-08,"1,388.82",0.64%
25-Apr-08,"1,397.84",0.65%
28-Apr-08,"1,396.37",-0.11%
29-Apr-08,"1,390.94",-0.39%
30-Apr-08,"1,385.59",-0.39%
1-May-08,"1,409.34",1.70%
2-May-08,"1,413.90",0.32%
5-May-08,"1,407.49",-0.45%
6-May-08,"1,418.26",0.76%
7-May-08,"1,392.57",-1.83%
8-May-08,"1,397.68",0.37%
9-May-08,"1,388.28",-0.67%
12-May-08,"1,403.58",1.10%
13-May-08,"1,403.04",-0.04%
14-May-08,"1,408.66",0.40%
15-May-08,"1,423.57",1.05%
16-May-08,"1,425.35",0.12%
19-May-08,"1,426.63",0.09%
20-May-08,"1,413.40",-0.93%
21-May-08,"1,390.71",-1.62%
22-May-08,"1,394.35",0.26%
23-May-08,"1,375.93",-1.33%
27-May-08,"1,385.35",0.68%
28-May-08,"1,390.84",0.40%
29-May-08,"1,398.26",0.53%
30-May-08,"1,400.38",0.15%
2-Jun-08,"1,385.67",-1.06%
3-Jun-08,"1,377.65",-0.58%
4-Jun-08,"1,377.20",-0.03%
5-Jun-08,"1,404.05",1.93%
6-Jun-08,"1,360.68",-3.14%
9-Jun-08,"1,361.76",0.08%
10-Jun-08,"1,358.44",-0.24%
11-Jun-08,"1,335.49",-1.70%
12-Jun-08,"1,339.87",0.33%
13-Jun-08,"1,360.03",1.49%
16-Jun-08,"1,360.14",0.01%
17-Jun-08,"1,350.93",-0.68%
18-Jun-08,"1,337.81",-0.98%
19-Jun-08,"1,342.83",0.37%
20-Jun-08,"1,317.93",-1.87%
23-Jun-08,"1,318.00",0.01%
24-Jun-08,"1,314.29",-0.28%
25-Jun-08,"1,321.97",0.58%
26-Jun-08,"1,283.15",-2.98%
27-Jun-08,"1,278.38",-0.37%
30-Jun-08,"1,280.00",0.13%
1-Jul-08,"1,284.91",0.38%
2-Jul-08,"1,261.52",-1.84%
3-Jul-08,"1,262.90",0.11%
7-Jul-08,"1,252.31",-0.84%
8-Jul-08,"1,273.70",1.69%
9-Jul-08,"1,244.69",-2.30%
10-Jul-08,"1,253.39",0.70%
11-Jul-08,"1,239.49",-1.12%
14-Jul-08,"1,228.30",-0.91%
15-Jul-08,"1,214.91",-1.10%
16-Jul-08,"1,245.36",2.48%
17-Jul-08,"1,260.32",1.19%
18-Jul-08,"1,260.68",0.03%
21-Jul-08,"1,260.00",-0.05%
22-Jul-08,"1,277.00",1.34%
23-Jul-08,"1,282.19",0.41%
24-Jul-08,"1,252.54",-2.34%
25-Jul-08,"1,257.76",0.42%
28-Jul-08,"1,234.37",-1.88%
29-Jul-08,"1,263.20",2.31%
30-Jul-08,"1,284.26",1.65%
31-Jul-08,"1,267.38",-1.32%
1-Aug-08,"1,260.31",-0.56%
4-Aug-08,"1,249.01",-0.90%
5-Aug-08,"1,284.88",2.83%
6-Aug-08,"1,289.19",0.33%
7-Aug-08,"1,266.07",-1.81%
8-Aug-08,"1,296.32",2.36%
11-Aug-08,"1,305.32",0.69%
12-Aug-08,"1,289.59",-1.21%
13-Aug-08,"1,285.83",-0.29%
14-Aug-08,"1,292.93",0.55%
15-Aug-08,"1,298.20",0.41%
18-Aug-08,"1,278.60",-1.52%
19-Aug-08,"1,266.69",-0.94%
20-Aug-08,"1,274.54",0.62%
21-Aug-08,"1,277.72",0.25%
22-Aug-08,"1,292.20",1.13%
25-Aug-08,"1,266.84",-1.98%
26-Aug-08,"1,271.51",0.37%
27-Aug-08,"1,281.66",0.80%
28-Aug-08,"1,300.68",1.47%
29-Aug-08,"1,282.83",-1.38%
2-Sep-08,"1,277.58",-0.41%
3-Sep-08,"1,274.98",-0.20%
4-Sep-08,"1,236.83",-3.04%
5-Sep-08,"1,242.31",0.44%
8-Sep-08,"1,267.79",2.03%
9-Sep-08,"1,224.51",-3.47%
10-Sep-08,"1,232.04",0.61%
11-Sep-08,"1,249.05",1.37%
12-Sep-08,"1,251.70",0.21%
15-Sep-08,"1,192.70",-4.83%
16-Sep-08,"1,213.60",1.74%
17-Sep-08,"1,156.39",-4.83%
18-Sep-08,"1,206.51",4.24%
19-Sep-08,"1,255.08",3.95%
22-Sep-08,"1,207.09",-3.90%
23-Sep-08,"1,188.22",-1.58%
24-Sep-08,"1,185.87",-0.20%
25-Sep-08,"1,209.18",1.95%
26-Sep-08,"1,213.27",0.34%
29-Sep-08,"1,106.42",-9.22%
30-Sep-08,"1,166.36",5.28%
1-Oct-08,"1,161.06",-0.46%
2-Oct-08,"1,114.28",-4.11%
3-Oct-08,"1,099.23",-1.36%
6-Oct-08,"1,056.89",-3.93%
7-Oct-08,996.23,-5.91%
8-Oct-08,984.94,-1.14%
9-Oct-08,909.92,-7.92%
10-Oct-08,899.22,-1.18%
13-Oct-08,"1,003.35",10.96%
14-Oct-08,998.01,-0.53%
15-Oct-08,907.84,-9.47%
16-Oct-08,946.43,4.16%
17-Oct-08,940.55,-0.62%
20-Oct-08,985.4,4.66%
21-Oct-08,955.05,-3.13%
22-Oct-08,896.78,-6.30%
23-Oct-08,908.11,1.26%
24-Oct-08,876.77,-3.51%
27-Oct-08,848.92,-3.23%
28-Oct-08,940.51,10.25%
29-Oct-08,930.09,-1.11%
30-Oct-08,954.09,2.55%
31-Oct-08,968.75,1.52%
3-Nov-08,966.3,-0.25%
4-Nov-08,"1,005.75",4.00%
5-Nov-08,952.77,-5.41%
6-Nov-08,904.88,-5.16%
7-Nov-08,930.99,2.84%
10-Nov-08,919.21,-1.27%
11-Nov-08,898.95,-2.23%
12-Nov-08,852.3,-5.33%
13-Nov-08,911.29,6.69%
14-Nov-08,873.29,-4.26%
17-Nov-08,850.75,-2.61%
18-Nov-08,859.12,0.98%
19-Nov-08,806.58,-6.31%
20-Nov-08,752.44,-6.95%
21-Nov-08,800.03,6.13%
24-Nov-08,851.81,6.27%
25-Nov-08,857.39,0.65%
26-Nov-08,887.68,3.47%
28-Nov-08,896.24,0.96%
1-Dec-08,816.21,-9.35%
2-Dec-08,848.81,3.92%
3-Dec-08,870.74,2.55%
4-Dec-08,845.22,-2.97%
5-Dec-08,876.07,3.58%
8-Dec-08,909.7,3.77%
9-Dec-08,888.67,-2.34%
10-Dec-08,899.24,1.18%
11-Dec-08,873.59,-2.89%
12-Dec-08,879.73,0.70%
15-Dec-08,868.57,-1.28%
16-Dec-08,913.18,5.01%
17-Dec-08,904.42,-0.96%
18-Dec-08,885.28,-2.14%
19-Dec-08,887.88,0.29%
22-Dec-08,871.63,-1.85%
23-Dec-08,863.16,-0.98%
24-Dec-08,868.15,0.58%
26-Dec-08,872.8,0.53%
29-Dec-08,869.42,-0.39%
30-Dec-08,890.64,2.41%
31-Dec-08,903.25,1.41%
2-Jan-09,931.8,3.11%
5-Jan-09,927.45,-0.47%
6-Jan-09,934.7,0.78%
7-Jan-09,906.65,-3.05%
8-Jan-09,909.73,0.34%
9-Jan-09,890.35,-2.15%
12-Jan-09,870.26,-2.28%
13-Jan-09,871.79,0.18%
14-Jan-09,842.62,-3.40%
15-Jan-09,843.74,0.13%
16-Jan-09,850.12,0.75%
20-Jan-09,805.22,-5.43%
21-Jan-09,840.24,4.26%
22-Jan-09,827.5,-1.53%
23-Jan-09,831.95,0.54%
26-Jan-09,836.57,0.55%
27-Jan-09,845.71,1.09%
28-Jan-09,874.09,3.30%
29-Jan-09,845.14,-3.37%
30-Jan-09,825.88,-2.31%
2-Feb-09,825.44,-0.05%
3-Feb-09,838.51,1.57%
4-Feb-09,832.23,-0.75%
5-Feb-09,845.85,1.62%
6-Feb-09,868.6,2.65%
9-Feb-09,869.89,0.15%
10-Feb-09,827.16,-5.04%
11-Feb-09,833.74,0.79%
12-Feb-09,835.19,0.17%
13-Feb-09,826.84,-1.00%
17-Feb-09,789.17,-4.66%
18-Feb-09,788.42,-0.10%
19-Feb-09,778.94,-1.21%
20-Feb-09,770.05,-1.15%
23-Feb-09,743.33,-3.53%
24-Feb-09,773.14,3.93%
25-Feb-09,764.9,-1.07%
26-Feb-09,752.83,-1.59%
27-Feb-09,735.09,-2.38%
2-Mar-09,700.82,-4.77%
3-Mar-09,696.33,-0.64%
4-Mar-09,712.87,2.35%
5-Mar-09,682.55,-4.35%
6-Mar-09,683.38,0.12%
9-Mar-09,676.53,-1.01%
10-Mar-09,719.6,6.17%
11-Mar-09,721.36,0.24%
12-Mar-09,750.74,3.99%
13-Mar-09,756.55,0.77%
16-Mar-09,753.89,-0.35%
17-Mar-09,778.12,3.16%
18-Mar-09,794.35,2.06%
19-Mar-09,784.04,-1.31%
20-Mar-09,768.54,-2.00%
23-Mar-09,822.92,6.84%
24-Mar-09,806.12,-2.06%
25-Mar-09,813.88,0.96%
26-Mar-09,832.86,2.31%
27-Mar-09,815.94,-2.05%
30-Mar-09,787.53,-3.54%
31-Mar-09,797.87,1.30%
1-Apr-09,811.08,1.64%
2-Apr-09,834.38,2.83%
3-Apr-09,842.5,0.97%
6-Apr-09,835.48,-0.84%
7-Apr-09,815.55,-2.41%
8-Apr-09,825.16,1.17%
9-Apr-09,856.56,3.73%
13-Apr-09,858.73,0.25%
14-Apr-09,841.5,-2.03%
15-Apr-09,852.06,1.25%
16-Apr-09,865.3,1.54%
17-Apr-09,869.6,0.50%
20-Apr-09,832.39,-4.37%
21-Apr-09,850.08,2.10%
22-Apr-09,843.55,-0.77%
23-Apr-09,851.92,0.99%
24-Apr-09,866.23,1.67%
27-Apr-09,857.51,-1.01%
28-Apr-09,855.16,-0.27%
29-Apr-09,873.64,2.14%
30-Apr-09,872.81,-0.10%
1-May-09,877.52,0.54%
4-May-09,907.24,3.33%
5-May-09,903.8,-0.38%
6-May-09,919.53,1.73%
7-May-09,907.39,-1.33%
8-May-09,929.23,2.38%
11-May-09,909.24,-2.17%
12-May-09,908.35,-0.10%
13-May-09,883.92,-2.73%
14-May-09,893.07,1.03%
15-May-09,882.88,-1.15%
18-May-09,909.71,2.99%
19-May-09,908.13,-0.17%
20-May-09,903.47,-0.51%
21-May-09,888.33,-1.69%
22-May-09,887,-0.15%
26-May-09,910.33,2.60%
27-May-09,893.06,-1.92%
28-May-09,906.83,1.53%
29-May-09,919.14,1.35%
1-Jun-09,942.87,2.55%
2-Jun-09,944.74,0.20%
3-Jun-09,931.76,-1.38%
4-Jun-09,942.46,1.14%
5-Jun-09,940.09,-0.25%
8-Jun-09,939.14,-0.10%
9-Jun-09,942.43,0.35%
10-Jun-09,939.15,-0.35%
11-Jun-09,944.89,0.61%
12-Jun-09,946.21,0.14%
15-Jun-09,923.72,-2.41%
16-Jun-09,911.97,-1.28%
17-Jun-09,910.71,-0.14%
18-Jun-09,918.37,0.84%
19-Jun-09,921.23,0.31%
22-Jun-09,893.04,-3.11%
23-Jun-09,895.1,0.23%
24-Jun-09,900.94,0.65%
25-Jun-09,920.26,2.12%
26-Jun-09,918.9,-0.15%
29-Jun-09,927.23,0.90%
30-Jun-09,919.32,-0.86%
1-Jul-09,923.33,0.44%
2-Jul-09,896.42,-2.96%
6-Jul-09,898.72,0.26%
7-Jul-09,881.03,-1.99%
8-Jul-09,879.56,-0.17%
9-Jul-09,882.68,0.35%
10-Jul-09,879.13,-0.40%
13-Jul-09,901.05,2.46%
14-Jul-09,905.84,0.53%
15-Jul-09,932.68,2.92%
16-Jul-09,940.74,0.86%
17-Jul-09,940.38,-0.04%
20-Jul-09,951.13,1.14%
21-Jul-09,954.58,0.36%
22-Jul-09,954.07,-0.05%
23-Jul-09,976.29,2.30%
24-Jul-09,979.26,0.30%
27-Jul-09,982.18,0.30%
28-Jul-09,979.62,-0.26%
29-Jul-09,975.15,-0.46%
30-Jul-09,986.75,1.18%
31-Jul-09,987.48,0.07%
3-Aug-09,"1,002.63",1.52%
4-Aug-09,"1,005.65",0.30%
5-Aug-09,"1,002.72",-0.29%
6-Aug-09,997.08,-0.56%
7-Aug-09,"1,010.48",1.33%
10-Aug-09,"1,007.10",-0.34%
11-Aug-09,994.35,-1.27%
12-Aug-09,"1,005.81",1.15%
13-Aug-09,"1,012.73",0.69%
14-Aug-09,"1,004.09",-0.86%
17-Aug-09,979.73,-2.46%
18-Aug-09,989.67,1.01%
19-Aug-09,996.46,0.68%
20-Aug-09,"1,007.37",1.09%
21-Aug-09,"1,026.13",1.85%
24-Aug-09,"1,025.57",-0.05%
25-Aug-09,"1,028.00",0.24%
26-Aug-09,"1,028.12",0.01%
27-Aug-09,"1,030.98",0.28%
28-Aug-09,"1,028.93",-0.20%
31-Aug-09,"1,020.62",-0.81%
1-Sep-09,998.04,-2.24%
2-Sep-09,994.75,-0.33%
3-Sep-09,"1,003.24",0.85%
4-Sep-09,"1,016.40",1.30%
8-Sep-09,"1,025.39",0.88%
9-Sep-09,"1,033.37",0.78%
10-Sep-09,"1,044.14",1.04%
11-Sep-09,"1,042.73",-0.14%
14-Sep-09,"1,049.34",0.63%
15-Sep-09,"1,052.63",0.31%
16-Sep-09,"1,068.76",1.52%
17-Sep-09,"1,065.49",-0.31%
18-Sep-09,"1,068.30",0.26%
21-Sep-09,"1,064.66",-0.34%
22-Sep-09,"1,071.66",0.66%
23-Sep-09,"1,060.87",-1.01%
24-Sep-09,"1,050.78",-0.96%
25-Sep-09,"1,044.38",-0.61%
28-Sep-09,"1,062.98",1.77%
29-Sep-09,"1,060.61",-0.22%
30-Sep-09,"1,057.08",-0.33%
1-Oct-09,"1,029.85",-2.61%
2-Oct-09,"1,025.21",-0.45%
5-Oct-09,"1,040.46",1.48%
6-Oct-09,"1,054.72",1.36%
7-Oct-09,"1,057.58",0.27%
8-Oct-09,"1,065.48",0.74%
9-Oct-09,"1,071.49",0.56%
12-Oct-09,"1,076.19",0.44%
13-Oct-09,"1,073.19",-0.28%
14-Oct-09,"1,092.02",1.74%
15-Oct-09,"1,096.56",0.41%
16-Oct-09,"1,087.68",-0.81%
19-Oct-09,"1,097.91",0.94%
20-Oct-09,"1,091.06",-0.63%
21-Oct-09,"1,081.40",-0.89%
22-Oct-09,"1,092.91",1.06%
23-Oct-09,"1,079.60",-1.23%
26-Oct-09,"1,066.95",-1.18%
27-Oct-09,"1,063.41",-0.33%
28-Oct-09,"1,042.63",-1.97%
29-Oct-09,"1,066.11",2.23%
30-Oct-09,"1,036.19",-2.85%
2-Nov-09,"1,042.88",0.64%
3-Nov-09,"1,045.41",0.24%
4-Nov-09,"1,046.50",0.10%
5-Nov-09,"1,066.63",1.91%
6-Nov-09,"1,069.30",0.25%
9-Nov-09,"1,093.08",2.20%
10-Nov-09,"1,093.01",-0.01%
11-Nov-09,"1,098.51",0.50%
12-Nov-09,"1,087.24",-1.03%
13-Nov-09,"1,093.48",0.57%
16-Nov-09,"1,109.30",1.44%
17-Nov-09,"1,110.32",0.09%
18-Nov-09,"1,109.80",-0.05%
19-Nov-09,"1,094.90",-1.35%
20-Nov-09,"1,091.38",-0.32%
23-Nov-09,"1,106.24",1.35%
24-Nov-09,"1,105.65",-0.05%
25-Nov-09,"1,110.63",0.45%
27-Nov-09,"1,091.49",-1.74%
30-Nov-09,"1,095.63",0.38%
1-Dec-09,"1,108.86",1.20%
2-Dec-09,"1,109.24",0.03%
3-Dec-09,"1,099.92",-0.84%
4-Dec-09,"1,105.98",0.55%
7-Dec-09,"1,103.25",-0.25%
8-Dec-09,"1,091.94",-1.03%
9-Dec-09,"1,095.95",0.37%
10-Dec-09,"1,102.35",0.58%
11-Dec-09,"1,106.41",0.37%
14-Dec-09,"1,114.11",0.69%
15-Dec-09,"1,107.93",-0.56%
16-Dec-09,"1,109.18",0.11%
17-Dec-09,"1,096.08",-1.19%
18-Dec-09,"1,102.47",0.58%
21-Dec-09,"1,114.05",1.04%
22-Dec-09,"1,118.02",0.36%
23-Dec-09,"1,120.59",0.23%
24-Dec-09,"1,126.48",0.52%
28-Dec-09,"1,127.78",0.12%
29-Dec-09,"1,126.20",-0.14%
30-Dec-09,"1,126.42",0.02%
31-Dec-09,"1,115.10",-1.01%
4-Jan-10,"1,132.99",1.59%
5-Jan-10,"1,136.52",0.31%
6-Jan-10,"1,137.14",0.05%
7-Jan-10,"1,141.69",0.40%
8-Jan-10,"1,144.98",0.29%
11-Jan-10,"1,146.98",0.17%
12-Jan-10,"1,136.22",-0.94%
13-Jan-10,"1,145.68",0.83%
14-Jan-10,"1,148.46",0.24%
15-Jan-10,"1,136.03",-1.09%
19-Jan-10,"1,150.23",1.24%
20-Jan-10,"1,138.04",-1.07%
21-Jan-10,"1,116.48",-1.91%
22-Jan-10,"1,091.76",-2.24%
25-Jan-10,"1,096.78",0.46%
26-Jan-10,"1,092.17",-0.42%
27-Jan-10,"1,097.50",0.49%
28-Jan-10,"1,084.53",-1.19%
29-Jan-10,"1,073.87",-0.99%
1-Feb-10,"1,089.19",1.42%
2-Feb-10,"1,103.32",1.29%
3-Feb-10,"1,097.28",-0.55%
4-Feb-10,"1,063.11",-3.16%
5-Feb-10,"1,066.19",0.29%
8-Feb-10,"1,056.74",-0.89%
9-Feb-10,"1,070.52",1.30%
10-Feb-10,"1,068.13",-0.22%
11-Feb-10,"1,078.47",0.96%
12-Feb-10,"1,075.51",-0.27%
16-Feb-10,"1,094.87",1.78%
17-Feb-10,"1,099.51",0.42%
18-Feb-10,"1,106.75",0.66%
19-Feb-10,"1,109.17",0.22%
22-Feb-10,"1,108.01",-0.10%
23-Feb-10,"1,094.60",-1.22%
24-Feb-10,"1,105.24",0.97%
25-Feb-10,"1,102.94",-0.21%
26-Feb-10,"1,104.49",0.14%
1-Mar-10,"1,115.71",1.01%
2-Mar-10,"1,118.31",0.23%
3-Mar-10,"1,118.79",0.04%
4-Mar-10,"1,122.97",0.37%
5-Mar-10,"1,138.70",1.39%
8-Mar-10,"1,138.50",-0.02%
9-Mar-10,"1,140.45",0.17%
10-Mar-10,"1,145.61",0.45%
11-Mar-10,"1,150.24",0.40%
12-Mar-10,"1,149.99",-0.02%
15-Mar-10,"1,150.51",0.05%
16-Mar-10,"1,159.46",0.77%
17-Mar-10,"1,166.21",0.58%
18-Mar-10,"1,165.83",-0.03%
19-Mar-10,"1,159.90",-0.51%
22-Mar-10,"1,165.81",0.51%
23-Mar-10,"1,174.17",0.71%
24-Mar-10,"1,167.72",-0.55%
25-Mar-10,"1,165.73",-0.17%
26-Mar-10,"1,166.59",0.07%
29-Mar-10,"1,173.22",0.57%
30-Mar-10,"1,173.27",0.00%
31-Mar-10,"1,169.43",-0.33%
1-Apr-10,"1,178.10",0.74%
5-Apr-10,"1,187.44",0.79%
6-Apr-10,"1,189.44",0.17%
7-Apr-10,"1,182.45",-0.59%
8-Apr-10,"1,186.44",0.34%
9-Apr-10,"1,194.37",0.67%
12-Apr-10,"1,196.48",0.18%
13-Apr-10,"1,197.30",0.07%
14-Apr-10,"1,210.65",1.11%
15-Apr-10,"1,211.67",0.08%
16-Apr-10,"1,192.13",-1.63%
19-Apr-10,"1,197.52",0.45%
20-Apr-10,"1,207.17",0.80%
21-Apr-10,"1,205.94",-0.10%
22-Apr-10,"1,208.67",0.23%
23-Apr-10,"1,217.28",0.71%
26-Apr-10,"1,212.05",-0.43%
27-Apr-10,"1,183.71",-2.37%
28-Apr-10,"1,191.36",0.64%
29-Apr-10,"1,206.78",1.29%
30-Apr-10,"1,186.69",-1.68%
3-May-10,"1,202.26",1.30%
4-May-10,"1,173.60",-2.41%
5-May-10,"1,165.87",-0.66%
6-May-10,"1,128.15",-3.29%
7-May-10,"1,110.88",-1.54%
10-May-10,"1,159.73",4.30%
11-May-10,"1,155.79",-0.34%
12-May-10,"1,171.67",1.36%
13-May-10,"1,157.44",-1.22%
14-May-10,"1,135.68",-1.90%
17-May-10,"1,136.94",0.11%
18-May-10,"1,120.80",-1.43%
19-May-10,"1,115.05",-0.51%
20-May-10,"1,071.59",-3.98%
21-May-10,"1,087.69",1.49%
24-May-10,"1,073.65",-1.30%
25-May-10,"1,074.03",0.04%
26-May-10,"1,067.95",-0.57%
27-May-10,"1,103.06",3.23%
28-May-10,"1,089.41",-1.25%
1-Jun-10,"1,070.71",-1.73%
2-Jun-10,"1,098.38",2.55%
3-Jun-10,"1,102.83",0.40%
4-Jun-10,"1,064.88",-3.50%
7-Jun-10,"1,050.47",-1.36%
8-Jun-10,"1,062.00",1.09%
9-Jun-10,"1,055.69",-0.60%
10-Jun-10,"1,086.84",2.91%
11-Jun-10,"1,091.60",0.44%
14-Jun-10,"1,089.63",-0.18%
15-Jun-10,"1,115.23",2.32%
16-Jun-10,"1,114.61",-0.06%
17-Jun-10,"1,116.04",0.13%
18-Jun-10,"1,117.51",0.13%
21-Jun-10,"1,113.20",-0.39%
22-Jun-10,"1,095.31",-1.62%
23-Jun-10,"1,092.04",-0.30%
24-Jun-10,"1,073.69",-1.69%
25-Jun-10,"1,076.76",0.29%
28-Jun-10,"1,074.57",-0.20%
29-Jun-10,"1,041.24",-3.15%
30-Jun-10,"1,030.71",-1.02%
1-Jul-10,"1,027.37",-0.32%
2-Jul-10,"1,022.58",-0.47%
6-Jul-10,"1,028.06",0.53%
7-Jul-10,"1,060.27",3.09%
8-Jul-10,"1,070.25",0.94%
9-Jul-10,"1,077.96",0.72%
12-Jul-10,"1,078.75",0.07%
13-Jul-10,"1,095.34",1.53%
14-Jul-10,"1,095.17",-0.02%
15-Jul-10,"1,096.48",0.12%
16-Jul-10,"1,064.88",-2.92%
19-Jul-10,"1,071.25",0.60%
20-Jul-10,"1,083.48",1.14%
21-Jul-10,"1,069.59",-1.29%
22-Jul-10,"1,093.67",2.23%
23-Jul-10,"1,102.66",0.82%
26-Jul-10,"1,115.01",1.11%
27-Jul-10,"1,113.84",-0.10%
28-Jul-10,"1,106.13",-0.69%
29-Jul-10,"1,101.53",-0.42%
30-Jul-10,"1,101.60",0.01%
2-Aug-10,"1,125.86",2.18%
3-Aug-10,"1,120.46",-0.48%
4-Aug-10,"1,127.24",0.60%
5-Aug-10,"1,125.81",-0.13%
6-Aug-10,"1,121.64",-0.37%
9-Aug-10,"1,127.79",0.55%
10-Aug-10,"1,121.06",-0.60%
11-Aug-10,"1,089.47",-2.86%
12-Aug-10,"1,083.61",-0.54%
13-Aug-10,"1,079.25",-0.40%
16-Aug-10,"1,079.38",0.01%
17-Aug-10,"1,092.54",1.21%
18-Aug-10,"1,094.16",0.15%
19-Aug-10,"1,075.63",-1.71%
20-Aug-10,"1,071.69",-0.37%
23-Aug-10,"1,067.36",-0.40%
24-Aug-10,"1,051.87",-1.46%
25-Aug-10,"1,055.33",0.33%
26-Aug-10,"1,047.22",-0.77%
27-Aug-10,"1,064.59",1.65%
30-Aug-10,"1,048.92",-1.48%
31-Aug-10,"1,049.33",0.04%
1-Sep-10,"1,080.29",2.91%
2-Sep-10,"1,090.10",0.90%
3-Sep-10,"1,104.51",1.31%
7-Sep-10,"1,091.84",-1.15%
8-Sep-10,"1,098.87",0.64%
9-Sep-10,"1,104.18",0.48%
10-Sep-10,"1,109.55",0.49%
13-Sep-10,"1,121.90",1.11%
14-Sep-10,"1,121.10",-0.07%
15-Sep-10,"1,125.07",0.35%
16-Sep-10,"1,124.66",-0.04%
17-Sep-10,"1,125.59",0.08%
20-Sep-10,"1,142.71",1.51%
21-Sep-10,"1,139.78",-0.26%
22-Sep-10,"1,134.28",-0.48%
23-Sep-10,"1,124.83",-0.84%
24-Sep-10,"1,148.67",2.10%
27-Sep-10,"1,142.16",-0.57%
28-Sep-10,"1,147.70",0.48%
29-Sep-10,"1,144.73",-0.26%
30-Sep-10,"1,141.20",-0.31%
1-Oct-10,"1,146.24",0.44%
4-Oct-10,"1,137.03",-0.81%
5-Oct-10,"1,160.75",2.06%
6-Oct-10,"1,159.97",-0.07%
7-Oct-10,"1,158.06",-0.16%
8-Oct-10,"1,165.15",0.61%
11-Oct-10,"1,165.32",0.01%
12-Oct-10,"1,169.77",0.38%
13-Oct-10,"1,178.10",0.71%
14-Oct-10,"1,173.81",-0.36%
15-Oct-10,"1,176.19",0.20%
18-Oct-10,"1,184.71",0.72%
19-Oct-10,"1,165.90",-1.60%
20-Oct-10,"1,178.17",1.05%
21-Oct-10,"1,180.26",0.18%
22-Oct-10,"1,183.08",0.24%
25-Oct-10,"1,185.62",0.21%
26-Oct-10,"1,185.64",0.00%
27-Oct-10,"1,182.45",-0.27%
28-Oct-10,"1,183.78",0.11%
29-Oct-10,"1,183.26",-0.04%
1-Nov-10,"1,184.38",0.09%
2-Nov-10,"1,193.57",0.77%
3-Nov-10,"1,197.96",0.37%
4-Nov-10,"1,221.06",1.91%
5-Nov-10,"1,225.85",0.39%
8-Nov-10,"1,223.25",-0.21%
9-Nov-10,"1,213.40",-0.81%
10-Nov-10,"1,218.71",0.44%
11-Nov-10,"1,213.54",-0.43%
12-Nov-10,"1,199.21",-1.19%
15-Nov-10,"1,197.75",-0.12%
16-Nov-10,"1,178.34",-1.63%
17-Nov-10,"1,178.59",0.02%
18-Nov-10,"1,196.69",1.52%
19-Nov-10,"1,199.73",0.25%
22-Nov-10,"1,197.84",-0.16%
23-Nov-10,"1,180.73",-1.44%
24-Nov-10,"1,198.35",1.48%
26-Nov-10,"1,189.40",-0.75%
29-Nov-10,"1,187.76",-0.14%
30-Nov-10,"1,180.55",-0.61%
1-Dec-10,"1,206.07",2.14%
2-Dec-10,"1,221.53",1.27%
3-Dec-10,"1,224.71",0.26%
6-Dec-10,"1,223.12",-0.13%
7-Dec-10,"1,223.75",0.05%
8-Dec-10,"1,228.28",0.37%
9-Dec-10,"1,233.00",0.38%
10-Dec-10,"1,240.40",0.60%
13-Dec-10,"1,240.46",0.00%
14-Dec-10,"1,241.59",0.09%
15-Dec-10,"1,235.23",-0.51%
16-Dec-10,"1,242.87",0.62%
17-Dec-10,"1,243.91",0.08%
20-Dec-10,"1,247.08",0.25%
21-Dec-10,"1,254.60",0.60%
22-Dec-10,"1,258.84",0.34%
23-Dec-10,"1,256.77",-0.16%
27-Dec-10,"1,257.54",0.06%
28-Dec-10,"1,258.51",0.08%
29-Dec-10,"1,259.78",0.10%
30-Dec-10,"1,257.88",-0.15%
31-Dec-10,"1,257.64",-0.02%
3-Jan-11,"1,271.87",1.13%
4-Jan-11,"1,270.20",-0.13%
5-Jan-11,"1,276.56",0.50%
6-Jan-11,"1,273.85",-0.21%
7-Jan-11,"1,271.50",-0.18%
10-Jan-11,"1,269.75",-0.14%
11-Jan-11,"1,274.48",0.37%
12-Jan-11,"1,285.96",0.90%
13-Jan-11,"1,283.76",-0.17%
14-Jan-11,"1,293.24",0.74%
18-Jan-11,"1,295.02",0.14%
19-Jan-11,"1,281.92",-1.02%
20-Jan-11,"1,280.26",-0.13%
21-Jan-11,"1,283.35",0.24%
24-Jan-11,"1,290.84",0.58%
25-Jan-11,"1,291.18",0.03%
26-Jan-11,"1,296.63",0.42%
27-Jan-11,"1,299.54",0.22%
28-Jan-11,"1,276.34",-1.80%
31-Jan-11,"1,286.12",0.76%
1-Feb-11,"1,307.59",1.66%
2-Feb-11,"1,304.03",-0.27%
3-Feb-11,"1,307.10",0.24%
4-Feb-11,"1,310.87",0.29%
7-Feb-11,"1,319.05",0.62%
8-Feb-11,"1,324.57",0.42%
9-Feb-11,"1,320.88",-0.28%
10-Feb-11,"1,321.87",0.07%
11-Feb-11,"1,329.15",0.55%
14-Feb-11,"1,332.32",0.24%
15-Feb-11,"1,328.01",-0.32%
16-Feb-11,"1,336.32",0.62%
17-Feb-11,"1,340.43",0.31%
18-Feb-11,"1,343.01",0.19%
22-Feb-11,"1,315.44",-2.07%
23-Feb-11,"1,307.40",-0.61%
24-Feb-11,"1,306.10",-0.10%
25-Feb-11,"1,319.88",1.05%
28-Feb-11,"1,327.22",0.55%
1-Mar-11,"1,306.33",-1.59%
2-Mar-11,"1,308.44",0.16%
3-Mar-11,"1,330.97",1.71%
4-Mar-11,"1,321.15",-0.74%
7-Mar-11,"1,310.13",-0.84%
8-Mar-11,"1,321.82",0.89%
9-Mar-11,"1,320.02",-0.14%
10-Mar-11,"1,295.11",-1.91%
11-Mar-11,"1,304.28",0.71%
14-Mar-11,"1,296.39",-0.61%
15-Mar-11,"1,281.87",-1.13%
16-Mar-11,"1,256.88",-1.97%
17-Mar-11,"1,273.72",1.33%
18-Mar-11,"1,279.21",0.43%
21-Mar-11,"1,298.38",1.49%
22-Mar-11,"1,293.77",-0.36%
23-Mar-11,"1,297.54",0.29%
24-Mar-11,"1,309.66",0.93%
25-Mar-11,"1,313.80",0.32%
28-Mar-11,"1,310.19",-0.28%
29-Mar-11,"1,319.44",0.70%
30-Mar-11,"1,328.26",0.67%
31-Mar-11,"1,325.83",-0.18%
1-Apr-11,"1,332.41",0.50%
4-Apr-11,"1,332.87",0.03%
5-Apr-11,"1,332.63",-0.02%
6-Apr-11,"1,335.54",0.22%
7-Apr-11,"1,333.51",-0.15%
8-Apr-11,"1,328.17",-0.40%
11-Apr-11,"1,324.46",-0.28%
12-Apr-11,"1,314.16",-0.78%
13-Apr-11,"1,314.41",0.02%
14-Apr-11,"1,314.52",0.01%
15-Apr-11,"1,319.68",0.39%
18-Apr-11,"1,305.14",-1.11%
19-Apr-11,"1,312.62",0.57%
20-Apr-11,"1,330.36",1.34%
21-Apr-11,"1,337.38",0.53%
25-Apr-11,"1,335.25",-0.16%
26-Apr-11,"1,347.24",0.89%
27-Apr-11,"1,355.66",0.62%
28-Apr-11,"1,360.48",0.35%
29-Apr-11,"1,363.61",0.23%
2-May-11,"1,361.22",-0.18%
3-May-11,"1,356.62",-0.34%
4-May-11,"1,347.32",-0.69%
5-May-11,"1,335.10",-0.91%
6-May-11,"1,340.20",0.38%
9-May-11,"1,346.29",0.45%
10-May-11,"1,357.16",0.80%
11-May-11,"1,342.08",-1.12%
12-May-11,"1,348.65",0.49%
13-May-11,"1,337.77",-0.81%
16-May-11,"1,329.47",-0.62%
17-May-11,"1,328.98",-0.04%
18-May-11,"1,340.68",0.88%
19-May-11,"1,343.60",0.22%
20-May-11,"1,333.27",-0.77%
23-May-11,"1,317.37",-1.20%
24-May-11,"1,316.28",-0.08%
25-May-11,"1,320.47",0.32%
26-May-11,"1,325.69",0.39%
27-May-11,"1,331.10",0.41%
31-May-11,"1,345.20",1.05%
1-Jun-11,"1,314.55",-2.30%
2-Jun-11,"1,312.94",-0.12%
3-Jun-11,"1,300.16",-0.98%
6-Jun-11,"1,286.17",-1.08%
7-Jun-11,"1,284.94",-0.10%
8-Jun-11,"1,279.56",-0.42%
9-Jun-11,"1,289.00",0.74%
10-Jun-11,"1,270.98",-1.41%
13-Jun-11,"1,271.83",0.07%
14-Jun-11,"1,287.87",1.25%
15-Jun-11,"1,265.42",-1.76%
16-Jun-11,"1,267.64",0.18%
17-Jun-11,"1,271.50",0.30%
20-Jun-11,"1,278.36",0.54%
21-Jun-11,"1,295.52",1.33%
22-Jun-11,"1,287.14",-0.65%
23-Jun-11,"1,283.50",-0.28%
24-Jun-11,"1,268.45",-1.18%
27-Jun-11,"1,280.10",0.91%
28-Jun-11,"1,296.67",1.29%
29-Jun-11,"1,307.41",0.82%
30-Jun-11,"1,320.64",1.01%
1-Jul-11,"1,339.67",1.43%
5-Jul-11,"1,337.88",-0.13%
6-Jul-11,"1,339.22",0.10%
7-Jul-11,"1,353.22",1.04%
8-Jul-11,"1,343.80",-0.70%
11-Jul-11,"1,319.49",-1.83%
12-Jul-11,"1,313.64",-0.44%
13-Jul-11,"1,317.72",0.31%
14-Jul-11,"1,308.87",-0.67%
15-Jul-11,"1,316.14",0.55%
18-Jul-11,"1,305.44",-0.82%
19-Jul-11,"1,326.73",1.62%
20-Jul-11,"1,325.84",-0.07%
21-Jul-11,"1,343.80",1.35%
22-Jul-11,"1,345.02",0.09%
25-Jul-11,"1,337.43",-0.57%
26-Jul-11,"1,331.94",-0.41%
27-Jul-11,"1,304.89",-2.05%
28-Jul-11,"1,300.67",-0.32%
29-Jul-11,"1,292.28",-0.65%
1-Aug-11,"1,286.94",-0.41%
2-Aug-11,"1,254.05",-2.59%
3-Aug-11,"1,260.34",0.50%
4-Aug-11,"1,200.07",-4.90%
5-Aug-11,"1,199.38",-0.06%
8-Aug-11,"1,119.46",-6.90%
9-Aug-11,"1,172.53",4.63%
10-Aug-11,"1,120.76",-4.52%
11-Aug-11,"1,172.64",4.53%
12-Aug-11,"1,178.81",0.52%
15-Aug-11,"1,204.49",2.16%
16-Aug-11,"1,192.76",-0.98%
17-Aug-11,"1,193.89",0.09%
18-Aug-11,"1,140.65",-4.56%
19-Aug-11,"1,123.53",-1.51%
22-Aug-11,"1,123.82",0.03%
23-Aug-11,"1,162.35",3.37%
24-Aug-11,"1,177.60",1.30%
25-Aug-11,"1,159.27",-1.57%
26-Aug-11,"1,176.80",1.50%
29-Aug-11,"1,210.08",2.79%
30-Aug-11,"1,212.92",0.23%
31-Aug-11,"1,218.89",0.49%
1-Sep-11,"1,204.42",-1.19%
2-Sep-11,"1,173.97",-2.56%
6-Sep-11,"1,165.24",-0.75%
7-Sep-11,"1,198.62",2.82%
8-Sep-11,"1,185.90",-1.07%
9-Sep-11,"1,154.23",-2.71%
12-Sep-11,"1,162.27",0.69%
13-Sep-11,"1,172.87",0.91%
14-Sep-11,"1,188.68",1.34%
15-Sep-11,"1,209.11",1.70%
16-Sep-11,"1,216.01",0.57%
19-Sep-11,"1,204.09",-0.99%
20-Sep-11,"1,202.09",-0.17%
21-Sep-11,"1,166.76",-2.98%
22-Sep-11,"1,129.56",-3.24%
23-Sep-11,"1,136.43",0.61%
26-Sep-11,"1,162.95",2.31%
27-Sep-11,"1,175.38",1.06%
28-Sep-11,"1,151.06",-2.09%
29-Sep-11,"1,160.40",0.81%
30-Sep-11,"1,131.42",-2.53%
3-Oct-11,"1,099.23",-2.89%
4-Oct-11,"1,123.95",2.22%
5-Oct-11,"1,144.03",1.77%
6-Oct-11,"1,164.97",1.81%
7-Oct-11,"1,155.46",-0.82%
10-Oct-11,"1,194.89",3.36%
11-Oct-11,"1,195.54",0.05%
12-Oct-11,"1,207.25",0.97%
13-Oct-11,"1,203.66",-0.30%
14-Oct-11,"1,224.58",1.72%
17-Oct-11,"1,200.86",-1.96%
18-Oct-11,"1,225.38",2.02%
19-Oct-11,"1,209.88",-1.27%
20-Oct-11,"1,215.39",0.45%
21-Oct-11,"1,238.25",1.86%
24-Oct-11,"1,254.19",1.28%
25-Oct-11,"1,229.05",-2.02%
26-Oct-11,"1,242.00",1.05%
27-Oct-11,"1,284.59",3.37%
28-Oct-11,"1,285.09",0.04%
31-Oct-11,"1,253.30",-2.50%
1-Nov-11,"1,218.28",-2.83%
2-Nov-11,"1,237.90",1.60%
3-Nov-11,"1,261.15",1.86%
4-Nov-11,"1,253.23",-0.63%
7-Nov-11,"1,261.12",0.63%
8-Nov-11,"1,275.92",1.17%
9-Nov-11,"1,229.10",-3.74%
10-Nov-11,"1,239.70",0.86%
11-Nov-11,"1,263.85",1.93%
14-Nov-11,"1,251.78",-0.96%
15-Nov-11,"1,257.81",0.48%
16-Nov-11,"1,236.91",-1.68%
17-Nov-11,"1,216.13",-1.69%
18-Nov-11,"1,215.65",-0.04%
21-Nov-11,"1,192.98",-1.88%
22-Nov-11,"1,188.04",-0.41%
23-Nov-11,"1,161.79",-2.23%
25-Nov-11,"1,158.67",-0.27%
28-Nov-11,"1,192.55",2.88%
29-Nov-11,"1,195.19",0.22%
30-Nov-11,"1,246.96",4.24%
1-Dec-11,"1,244.58",-0.19%
2-Dec-11,"1,244.28",-0.02%
5-Dec-11,"1,257.08",1.02%
6-Dec-11,"1,258.47",0.11%
7-Dec-11,"1,261.01",0.20%
8-Dec-11,"1,234.35",-2.14%
9-Dec-11,"1,255.19",1.67%
12-Dec-11,"1,236.47",-1.50%
13-Dec-11,"1,225.73",-0.87%
14-Dec-11,"1,211.82",-1.14%
15-Dec-11,"1,215.75",0.32%
16-Dec-11,"1,219.66",0.32%
19-Dec-11,"1,205.35",-1.18%
20-Dec-11,"1,241.30",2.94%
21-Dec-11,"1,243.72",0.19%
22-Dec-11,"1,254.00",0.82%
23-Dec-11,"1,265.33",0.90%
27-Dec-11,"1,265.43",0.01%
28-Dec-11,"1,249.64",-1.26%
29-Dec-11,"1,263.02",1.07%
30-Dec-11,"1,257.60",-0.43%
3-Jan-12,"1,277.06",1.54%
4-Jan-12,"1,277.30",0.02%
5-Jan-12,"1,281.06",0.29%
6-Jan-12,"1,277.81",-0.25%
9-Jan-12,"1,280.70",0.23%
10-Jan-12,"1,292.08",0.88%
11-Jan-12,"1,292.48",0.03%
12-Jan-12,"1,295.50",0.23%
13-Jan-12,"1,289.09",-0.50%
17-Jan-12,"1,293.67",0.35%
18-Jan-12,"1,308.04",1.10%
19-Jan-12,"1,314.50",0.49%
20-Jan-12,"1,315.38",0.07%
23-Jan-12,"1,316.00",0.05%
24-Jan-12,"1,314.65",-0.10%
25-Jan-12,"1,326.06",0.86%
26-Jan-12,"1,318.43",-0.58%
27-Jan-12,"1,316.33",-0.16%
30-Jan-12,"1,313.01",-0.25%
31-Jan-12,"1,312.41",-0.05%
1-Feb-12,"1,324.09",0.89%
2-Feb-12,"1,325.54",0.11%
3-Feb-12,"1,344.90",1.45%
6-Feb-12,"1,344.33",-0.04%
7-Feb-12,"1,347.05",0.20%
8-Feb-12,"1,349.96",0.22%
9-Feb-12,"1,351.95",0.15%
10-Feb-12,"1,342.64",-0.69%
13-Feb-12,"1,351.77",0.68%
14-Feb-12,"1,350.50",-0.09%
15-Feb-12,"1,343.23",-0.54%
16-Feb-12,"1,358.04",1.10%
17-Feb-12,"1,361.23",0.23%
21-Feb-12,"1,362.21",0.07%
22-Feb-12,"1,357.66",-0.33%
23-Feb-12,"1,363.46",0.43%
24-Feb-12,"1,365.74",0.17%
27-Feb-12,"1,367.59",0.14%
28-Feb-12,"1,372.18",0.34%
29-Feb-12,"1,365.68",-0.47%
1-Mar-12,"1,374.09",0.61%
2-Mar-12,"1,369.63",-0.33%
5-Mar-12,"1,364.33",-0.39%
6-Mar-12,"1,343.36",-1.55%
7-Mar-12,"1,352.63",0.69%
8-Mar-12,"1,365.91",0.98%
9-Mar-12,"1,370.87",0.36%
12-Mar-12,"1,371.09",0.02%
13-Mar-12,"1,395.95",1.80%
14-Mar-12,"1,394.28",-0.12%
15-Mar-12,"1,402.60",0.59%
16-Mar-12,"1,404.17",0.11%
19-Mar-12,"1,409.75",0.40%
20-Mar-12,"1,405.52",-0.30%
21-Mar-12,"1,402.89",-0.19%
22-Mar-12,"1,392.78",-0.72%
23-Mar-12,"1,397.11",0.31%
26-Mar-12,"1,416.51",1.38%
27-Mar-12,"1,412.52",-0.28%
28-Mar-12,"1,405.54",-0.50%
29-Mar-12,"1,403.28",-0.16%
30-Mar-12,"1,408.47",0.37%
2-Apr-12,"1,419.04",0.75%
3-Apr-12,"1,413.38",-0.40%
4-Apr-12,"1,398.96",-1.03%
5-Apr-12,"1,398.08",-0.06%
9-Apr-12,"1,382.20",-1.14%
10-Apr-12,"1,358.59",-1.72%
11-Apr-12,"1,368.71",0.74%
12-Apr-12,"1,387.57",1.37%
13-Apr-12,"1,370.26",-1.26%
16-Apr-12,"1,369.57",-0.05%
17-Apr-12,"1,390.78",1.54%
18-Apr-12,"1,385.14",-0.41%
19-Apr-12,"1,376.92",-0.60%
20-Apr-12,"1,378.53",0.12%
23-Apr-12,"1,366.94",-0.84%
24-Apr-12,"1,371.97",0.37%
25-Apr-12,"1,390.69",1.36%
26-Apr-12,"1,399.98",0.67%
27-Apr-12,"1,403.36",0.24%
30-Apr-12,"1,397.91",-0.39%
1-May-12,"1,405.82",0.56%
2-May-12,"1,402.31",-0.25%
3-May-12,"1,391.57",-0.77%
4-May-12,"1,369.10",-1.63%
7-May-12,"1,369.58",0.04%
8-May-12,"1,363.72",-0.43%
9-May-12,"1,354.58",-0.67%
10-May-12,"1,357.99",0.25%
11-May-12,"1,353.39",-0.34%
14-May-12,"1,338.35",-1.12%
15-May-12,"1,330.66",-0.58%
16-May-12,"1,324.80",-0.44%
17-May-12,"1,304.86",-1.52%
18-May-12,"1,295.22",-0.74%
21-May-12,"1,315.99",1.59%
22-May-12,"1,316.63",0.05%
23-May-12,"1,318.86",0.17%
24-May-12,"1,320.68",0.14%
25-May-12,"1,317.82",-0.22%
29-May-12,"1,332.42",1.10%
30-May-12,"1,313.32",-1.44%
31-May-12,"1,310.33",-0.23%
1-Jun-12,"1,278.04",-2.50%
4-Jun-12,"1,278.18",0.01%
5-Jun-12,"1,285.50",0.57%
6-Jun-12,"1,315.13",2.28%
7-Jun-12,"1,314.99",-0.01%
8-Jun-12,"1,325.66",0.81%
11-Jun-12,"1,308.93",-1.27%
12-Jun-12,"1,324.18",1.16%
13-Jun-12,"1,314.88",-0.70%
14-Jun-12,"1,329.10",1.08%
15-Jun-12,"1,342.84",1.03%
18-Jun-12,"1,344.78",0.14%
19-Jun-12,"1,357.98",0.98%
20-Jun-12,"1,355.69",-0.17%
21-Jun-12,"1,325.51",-2.25%
22-Jun-12,"1,335.02",0.71%
25-Jun-12,"1,313.72",-1.61%
26-Jun-12,"1,319.99",0.48%
27-Jun-12,"1,331.85",0.89%
28-Jun-12,"1,329.04",-0.21%
29-Jun-12,"1,362.16",2.46%
2-Jul-12,"1,365.51",0.25%
3-Jul-12,"1,374.02",0.62%
5-Jul-12,"1,367.58",-0.47%
6-Jul-12,"1,354.68",-0.95%
9-Jul-12,"1,352.46",-0.16%
10-Jul-12,"1,341.47",-0.82%
11-Jul-12,"1,341.45",0.00%
12-Jul-12,"1,334.76",-0.50%
13-Jul-12,"1,356.78",1.64%
16-Jul-12,"1,353.64",-0.23%
17-Jul-12,"1,363.67",0.74%
18-Jul-12,"1,372.78",0.67%
19-Jul-12,"1,376.51",0.27%
20-Jul-12,"1,362.66",-1.01%
23-Jul-12,"1,350.52",-0.89%
24-Jul-12,"1,338.31",-0.91%
25-Jul-12,"1,337.89",-0.03%
26-Jul-12,"1,360.02",1.64%
27-Jul-12,"1,385.97",1.89%
30-Jul-12,"1,385.30",-0.05%
31-Jul-12,"1,379.32",-0.43%
1-Aug-12,"1,375.32",-0.29%
2-Aug-12,"1,365.00",-0.75%
3-Aug-12,"1,390.99",1.89%
6-Aug-12,"1,394.23",0.23%
7-Aug-12,"1,401.35",0.51%
8-Aug-12,"1,402.22",0.06%
9-Aug-12,"1,402.80",0.04%
10-Aug-12,"1,405.87",0.22%
13-Aug-12,"1,404.11",-0.13%
14-Aug-12,"1,403.93",-0.01%
15-Aug-12,"1,405.53",0.11%
16-Aug-12,"1,415.51",0.71%
17-Aug-12,"1,418.16",0.19%
20-Aug-12,"1,418.13",0.00%
21-Aug-12,"1,413.17",-0.35%
22-Aug-12,"1,413.49",0.02%
23-Aug-12,"1,402.08",-0.81%
24-Aug-12,"1,411.13",0.64%
27-Aug-12,"1,410.44",-0.05%
28-Aug-12,"1,409.30",-0.08%
29-Aug-12,"1,410.49",0.08%
30-Aug-12,"1,399.48",-0.78%
31-Aug-12,"1,406.58",0.51%
4-Sep-12,"1,404.94",-0.12%
5-Sep-12,"1,403.44",-0.11%
6-Sep-12,"1,432.12",2.02%
7-Sep-12,"1,437.92",0.40%
10-Sep-12,"1,429.08",-0.62%
11-Sep-12,"1,433.56",0.31%
12-Sep-12,"1,436.56",0.21%
13-Sep-12,"1,459.99",1.62%
14-Sep-12,"1,465.77",0.40%
17-Sep-12,"1,461.19",-0.31%
18-Sep-12,"1,459.32",-0.13%
19-Sep-12,"1,461.05",0.12%
20-Sep-12,"1,460.26",-0.05%
21-Sep-12,"1,460.15",-0.01%
24-Sep-12,"1,456.89",-0.22%
25-Sep-12,"1,441.59",-1.06%
26-Sep-12,"1,433.32",-0.58%
27-Sep-12,"1,447.15",0.96%
28-Sep-12,"1,440.67",-0.45%
1-Oct-12,"1,444.49",0.26%
2-Oct-12,"1,445.75",0.09%
3-Oct-12,"1,450.99",0.36%
4-Oct-12,"1,461.40",0.71%
5-Oct-12,"1,460.93",-0.03%
8-Oct-12,"1,455.88",-0.35%
9-Oct-12,"1,441.48",-0.99%
10-Oct-12,"1,432.56",-0.62%
11-Oct-12,"1,432.84",0.02%
12-Oct-12,"1,428.59",-0.30%
15-Oct-12,"1,440.13",0.80%
16-Oct-12,"1,454.92",1.02%
17-Oct-12,"1,460.91",0.41%
18-Oct-12,"1,457.34",-0.24%
19-Oct-12,"1,433.19",-1.67%
22-Oct-12,"1,433.82",0.04%
23-Oct-12,"1,413.11",-1.45%
24-Oct-12,"1,408.75",-0.31%
25-Oct-12,"1,412.97",0.30%
26-Oct-12,"1,411.94",-0.07%
31-Oct-12,"1,412.16",0.02%
1-Nov-12,"1,427.59",1.09%
2-Nov-12,"1,414.20",-0.94%
5-Nov-12,"1,417.26",0.22%
6-Nov-12,"1,428.39",0.78%
7-Nov-12,"1,394.53",-2.40%
8-Nov-12,"1,377.51",-1.23%
9-Nov-12,"1,379.85",0.17%
12-Nov-12,"1,380.03",0.01%
13-Nov-12,"1,374.53",-0.40%
14-Nov-12,"1,355.49",-1.39%
15-Nov-12,"1,353.33",-0.16%
16-Nov-12,"1,359.88",0.48%
19-Nov-12,"1,386.89",1.97%
20-Nov-12,"1,387.81",0.07%
21-Nov-12,"1,391.03",0.23%
23-Nov-12,"1,409.15",1.29%
26-Nov-12,"1,406.29",-0.20%
27-Nov-12,"1,398.94",-0.52%
28-Nov-12,"1,409.93",0.78%
29-Nov-12,"1,415.95",0.43%
30-Nov-12,"1,416.18",0.02%
3-Dec-12,"1,409.46",-0.48%
4-Dec-12,"1,407.05",-0.17%
5-Dec-12,"1,409.28",0.16%
6-Dec-12,"1,413.94",0.33%
7-Dec-12,"1,418.07",0.29%
10-Dec-12,"1,418.55",0.03%
11-Dec-12,"1,427.84",0.65%
12-Dec-12,"1,428.48",0.04%
13-Dec-12,"1,419.45",-0.63%
14-Dec-12,"1,413.58",-0.41%
17-Dec-12,"1,430.36",1.18%
18-Dec-12,"1,446.79",1.14%
19-Dec-12,"1,435.81",-0.76%
20-Dec-12,"1,443.69",0.55%
21-Dec-12,"1,430.15",-0.94%
24-Dec-12,"1,426.66",-0.24%
26-Dec-12,"1,419.83",-0.48%
27-Dec-12,"1,418.10",-0.12%
28-Dec-12,"1,402.43",-1.11%
31-Dec-12,"1,426.19",1.68%
2-Jan-13,"1,462.42",2.51%
3-Jan-13,"1,459.37",-0.21%
4-Jan-13,"1,466.47",0.49%
7-Jan-13,"1,461.89",-0.31%
8-Jan-13,"1,457.15",-0.32%
9-Jan-13,"1,461.02",0.27%
10-Jan-13,"1,472.12",0.76%
11-Jan-13,"1,472.05",0.00%
14-Jan-13,"1,470.68",-0.09%
15-Jan-13,"1,472.34",0.11%
16-Jan-13,"1,472.63",0.02%
17-Jan-13,"1,480.94",0.56%
18-Jan-13,"1,485.98",0.34%
22-Jan-13,"1,492.56",0.44%
23-Jan-13,"1,494.81",0.15%
24-Jan-13,"1,494.82",0.00%
25-Jan-13,"1,502.96",0.54%
28-Jan-13,"1,500.18",-0.19%
29-Jan-13,"1,507.84",0.51%
30-Jan-13,"1,501.96",-0.39%
31-Jan-13,"1,498.11",-0.26%
1-Feb-13,"1,513.17",1.00%
4-Feb-13,"1,495.71",-1.16%
5-Feb-13,"1,511.29",1.04%
6-Feb-13,"1,512.12",0.05%
7-Feb-13,"1,509.39",-0.18%
8-Feb-13,"1,517.93",0.56%
11-Feb-13,"1,517.01",-0.06%
12-Feb-13,"1,519.43",0.16%
13-Feb-13,"1,520.33",0.06%
14-Feb-13,"1,521.38",0.07%
15-Feb-13,"1,519.79",-0.10%
19-Feb-13,"1,530.94",0.73%
20-Feb-13,"1,511.95",-1.25%
21-Feb-13,"1,502.42",-0.63%
22-Feb-13,"1,515.60",0.87%
25-Feb-13,"1,487.85",-1.85%
26-Feb-13,"1,496.94",0.61%
27-Feb-13,"1,515.99",1.26%
28-Feb-13,"1,514.68",-0.09%
1-Mar-13,"1,518.20",0.23%
4-Mar-13,"1,525.20",0.46%
5-Mar-13,"1,539.79",0.95%
6-Mar-13,"1,541.46",0.11%
7-Mar-13,"1,544.26",0.18%
8-Mar-13,"1,551.18",0.45%
11-Mar-13,"1,556.22",0.32%
12-Mar-13,"1,552.48",-0.24%
13-Mar-13,"1,554.52",0.13%
14-Mar-13,"1,563.23",0.56%
15-Mar-13,"1,560.70",-0.16%
18-Mar-13,"1,552.10",-0.55%
19-Mar-13,"1,548.34",-0.24%
20-Mar-13,"1,558.71",0.67%
21-Mar-13,"1,545.80",-0.83%
22-Mar-13,"1,556.89",0.71%
25-Mar-13,"1,551.69",-0.33%
26-Mar-13,"1,563.77",0.78%
27-Mar-13,"1,562.85",-0.06%
28-Mar-13,"1,569.19",0.40%
1-Apr-13,"1,562.17",-0.45%
2-Apr-13,"1,570.25",0.52%
3-Apr-13,"1,553.69",-1.06%
4-Apr-13,"1,559.98",0.40%
5-Apr-13,"1,553.28",-0.43%
8-Apr-13,"1,563.07",0.63%
9-Apr-13,"1,568.61",0.35%
10-Apr-13,"1,587.73",1.21%
11-Apr-13,"1,593.37",0.35%
12-Apr-13,"1,588.85",-0.28%
15-Apr-13,"1,552.36",-2.32%
16-Apr-13,"1,574.57",1.42%
17-Apr-13,"1,552.01",-1.44%
18-Apr-13,"1,541.61",-0.67%
19-Apr-13,"1,555.25",0.88%
22-Apr-13,"1,562.50",0.47%
23-Apr-13,"1,578.78",1.04%
24-Apr-13,"1,578.79",0.00%
25-Apr-13,"1,585.16",0.40%
26-Apr-13,"1,582.24",-0.18%
29-Apr-13,"1,593.61",0.72%
30-Apr-13,"1,597.57",0.25%
1-May-13,"1,582.70",-0.94%
2-May-13,"1,597.59",0.94%
3-May-13,"1,614.42",1.05%
6-May-13,"1,617.50",0.19%
7-May-13,"1,625.96",0.52%
8-May-13,"1,632.69",0.41%
9-May-13,"1,626.67",-0.37%
10-May-13,"1,633.70",0.43%
13-May-13,"1,633.77",0.00%
14-May-13,"1,650.34",1.01%
15-May-13,"1,658.78",0.51%
16-May-13,"1,650.47",-0.50%
17-May-13,"1,667.47",1.02%
20-May-13,"1,666.29",-0.07%
21-May-13,"1,669.16",0.17%
22-May-13,"1,655.35",-0.83%
23-May-13,"1,650.51",-0.29%
24-May-13,"1,649.60",-0.06%
28-May-13,"1,660.06",0.63%
29-May-13,"1,648.36",-0.71%
30-May-13,"1,654.41",0.37%
31-May-13,"1,630.74",-1.44%
3-Jun-13,"1,640.42",0.59%
4-Jun-13,"1,631.38",-0.55%
5-Jun-13,"1,608.90",-1.39%
6-Jun-13,"1,622.56",0.85%
7-Jun-13,"1,643.38",1.27%
10-Jun-13,"1,642.81",-0.03%
11-Jun-13,"1,626.13",-1.02%
12-Jun-13,"1,612.52",-0.84%
13-Jun-13,"1,636.36",1.47%
14-Jun-13,"1,626.73",-0.59%
17-Jun-13,"1,639.04",0.75%
18-Jun-13,"1,651.81",0.78%
19-Jun-13,"1,628.93",-1.39%
20-Jun-13,"1,588.19",-2.53%
21-Jun-13,"1,592.43",0.27%
24-Jun-13,"1,573.09",-1.22%
25-Jun-13,"1,588.03",0.95%
26-Jun-13,"1,603.26",0.95%
27-Jun-13,"1,613.20",0.62%
28-Jun-13,"1,606.28",-0.43%
1-Jul-13,"1,614.96",0.54%
2-Jul-13,"1,614.08",-0.05%
3-Jul-13,"1,615.41",0.08%
5-Jul-13,"1,631.89",1.02%
8-Jul-13,"1,640.46",0.52%
9-Jul-13,"1,652.32",0.72%
10-Jul-13,"1,652.62",0.02%
11-Jul-13,"1,675.02",1.35%
12-Jul-13,"1,680.19",0.31%
15-Jul-13,"1,682.50",0.14%
16-Jul-13,"1,676.26",-0.37%
17-Jul-13,"1,680.91",0.28%
18-Jul-13,"1,689.37",0.50%
19-Jul-13,"1,692.09",0.16%
22-Jul-13,"1,695.53",0.20%
23-Jul-13,"1,692.39",-0.19%
24-Jul-13,"1,685.94",-0.38%
25-Jul-13,"1,690.25",0.26%
26-Jul-13,"1,691.65",0.08%
29-Jul-13,"1,685.33",-0.37%
30-Jul-13,"1,685.96",0.04%
31-Jul-13,"1,685.73",-0.01%
1-Aug-13,"1,706.87",1.25%
2-Aug-13,"1,709.67",0.16%
5-Aug-13,"1,707.14",-0.15%
6-Aug-13,"1,697.37",-0.57%
7-Aug-13,"1,690.91",-0.38%
8-Aug-13,"1,697.48",0.39%
9-Aug-13,"1,691.42",-0.36%
12-Aug-13,"1,689.47",-0.12%
13-Aug-13,"1,694.16",0.28%
14-Aug-13,"1,685.39",-0.52%
15-Aug-13,"1,661.32",-1.44%
16-Aug-13,"1,655.83",-0.33%
19-Aug-13,"1,646.06",-0.59%
20-Aug-13,"1,652.35",0.38%
21-Aug-13,"1,642.80",-0.58%
22-Aug-13,"1,656.96",0.86%
23-Aug-13,"1,663.50",0.39%
26-Aug-13,"1,656.78",-0.40%
27-Aug-13,"1,630.48",-1.60%
28-Aug-13,"1,634.96",0.27%
29-Aug-13,"1,638.17",0.20%
30-Aug-13,"1,632.97",-0.32%
3-Sep-13,"1,639.77",0.42%
4-Sep-13,"1,653.08",0.81%
5-Sep-13,"1,655.08",0.12%
6-Sep-13,"1,655.17",0.01%
9-Sep-13,"1,671.71",0.99%
10-Sep-13,"1,683.99",0.73%
11-Sep-13,"1,689.13",0.30%
12-Sep-13,"1,683.42",-0.34%
13-Sep-13,"1,687.99",0.27%
16-Sep-13,"1,697.60",0.57%
17-Sep-13,"1,704.76",0.42%
18-Sep-13,"1,725.52",1.21%
19-Sep-13,"1,722.34",-0.18%
20-Sep-13,"1,709.91",-0.72%
23-Sep-13,"1,701.84",-0.47%
24-Sep-13,"1,697.42",-0.26%
25-Sep-13,"1,692.77",-0.27%
26-Sep-13,"1,698.67",0.35%
27-Sep-13,"1,691.75",-0.41%
30-Sep-13,"1,681.55",-0.60%
1-Oct-13,"1,695.00",0.80%
2-Oct-13,"1,693.87",-0.07%
3-Oct-13,"1,678.66",-0.90%
4-Oct-13,"1,690.50",0.70%
7-Oct-13,"1,676.12",-0.85%
8-Oct-13,"1,655.45",-1.24%
9-Oct-13,"1,656.40",0.06%
10-Oct-13,"1,692.56",2.16%
11-Oct-13,"1,703.20",0.63%
14-Oct-13,"1,710.14",0.41%
15-Oct-13,"1,698.06",-0.71%
16-Oct-13,"1,721.54",1.37%
17-Oct-13,"1,733.15",0.67%
18-Oct-13,"1,744.50",0.65%
21-Oct-13,"1,744.66",0.01%
22-Oct-13,"1,754.67",0.57%
23-Oct-13,"1,746.38",-0.47%
24-Oct-13,"1,752.07",0.33%
25-Oct-13,"1,759.77",0.44%
28-Oct-13,"1,762.11",0.13%
29-Oct-13,"1,771.95",0.56%
30-Oct-13,"1,763.31",-0.49%
31-Oct-13,"1,756.54",-0.38%
1-Nov-13,"1,761.64",0.29%
4-Nov-13,"1,767.93",0.36%
5-Nov-13,"1,762.97",-0.28%
6-Nov-13,"1,770.49",0.43%
7-Nov-13,"1,747.15",-1.33%
8-Nov-13,"1,770.61",1.33%
11-Nov-13,"1,771.89",0.07%
12-Nov-13,"1,767.69",-0.24%
13-Nov-13,"1,782.00",0.81%
14-Nov-13,"1,790.62",0.48%
15-Nov-13,"1,798.18",0.42%
18-Nov-13,"1,791.53",-0.37%
19-Nov-13,"1,787.87",-0.20%
20-Nov-13,"1,781.37",-0.36%
21-Nov-13,"1,795.85",0.81%
22-Nov-13,"1,804.76",0.49%
25-Nov-13,"1,802.48",-0.13%
26-Nov-13,"1,802.75",0.01%
27-Nov-13,"1,807.23",0.25%
29-Nov-13,"1,805.81",-0.08%
2-Dec-13,"1,800.90",-0.27%
3-Dec-13,"1,795.15",-0.32%
4-Dec-13,"1,792.81",-0.13%
5-Dec-13,"1,785.03",-0.43%
6-Dec-13,"1,805.09",1.12%
9-Dec-13,"1,808.37",0.18%
10-Dec-13,"1,802.62",-0.32%
11-Dec-13,"1,782.22",-1.14%
12-Dec-13,"1,775.50",-0.38%
13-Dec-13,"1,775.32",-0.01%
16-Dec-13,"1,786.54",0.63%
17-Dec-13,"1,781.00",-0.31%
18-Dec-13,"1,810.65",1.65%
19-Dec-13,"1,809.60",-0.06%
20-Dec-13,"1,818.32",0.48%
23-Dec-13,"1,827.99",0.53%
24-Dec-13,"1,833.32",0.29%
26-Dec-13,"1,842.02",0.47%
27-Dec-13,"1,841.40",-0.03%
30-Dec-13,"1,841.07",-0.02%
31-Dec-13,"1,848.36",0.40%
2-Jan-14,"1,831.98",-0.89%
3-Jan-14,"1,831.37",-0.03%
6-Jan-14,"1,826.77",-0.25%
7-Jan-14,"1,837.88",0.61%
8-Jan-14,"1,837.49",-0.02%
9-Jan-14,"1,838.13",0.03%
10-Jan-14,"1,842.37",0.23%
13-Jan-14,"1,819.20",-1.27%
14-Jan-14,"1,838.88",1.08%
15-Jan-14,"1,848.38",0.52%
16-Jan-14,"1,845.89",-0.13%
17-Jan-14,"1,838.70",-0.39%
21-Jan-14,"1,843.80",0.28%
22-Jan-14,"1,844.86",0.06%
23-Jan-14,"1,828.46",-0.89%
24-Jan-14,"1,790.29",-2.11%
27-Jan-14,"1,781.56",-0.49%
28-Jan-14,"1,792.50",0.61%
29-Jan-14,"1,774.20",-1.03%
30-Jan-14,"1,794.19",1.12%
31-Jan-14,"1,782.59",-0.65%
3-Feb-14,"1,741.89",-2.31%
4-Feb-14,"1,755.20",0.76%
5-Feb-14,"1,751.64",-0.20%
6-Feb-14,"1,773.43",1.24%
7-Feb-14,"1,797.02",1.32%
10-Feb-14,"1,799.84",0.16%
11-Feb-14,"1,819.75",1.10%
12-Feb-14,"1,819.26",-0.03%
13-Feb-14,"1,829.83",0.58%
14-Feb-14,"1,838.63",0.48%
18-Feb-14,"1,840.76",0.12%
19-Feb-14,"1,828.75",-0.65%
20-Feb-14,"1,839.78",0.60%
21-Feb-14,"1,836.25",-0.19%
24-Feb-14,"1,847.61",0.62%
25-Feb-14,"1,845.12",-0.13%
26-Feb-14,"1,845.16",0.00%
27-Feb-14,"1,854.29",0.49%
28-Feb-14,"1,859.45",0.28%
3-Mar-14,"1,845.73",-0.74%
4-Mar-14,"1,873.91",1.52%
5-Mar-14,"1,873.81",-0.01%
6-Mar-14,"1,877.03",0.17%
7-Mar-14,"1,878.04",0.05%
10-Mar-14,"1,877.17",-0.05%
11-Mar-14,"1,867.63",-0.51%
12-Mar-14,"1,868.20",0.03%
13-Mar-14,"1,846.34",-1.18%
14-Mar-14,"1,841.13",-0.28%
17-Mar-14,"1,858.83",0.96%
18-Mar-14,"1,872.25",0.72%
19-Mar-14,"1,860.77",-0.62%
20-Mar-14,"1,872.01",0.60%
21-Mar-14,"1,866.52",-0.29%
24-Mar-14,"1,857.44",-0.49%
25-Mar-14,"1,865.62",0.44%
26-Mar-14,"1,852.56",-0.70%
27-Mar-14,"1,849.04",-0.19%
28-Mar-14,"1,857.62",0.46%
31-Mar-14,"1,872.34",0.79%
1-Apr-14,"1,885.52",0.70%
2-Apr-14,"1,890.90",0.28%
3-Apr-14,"1,888.77",-0.11%
4-Apr-14,"1,865.09",-1.26%
7-Apr-14,"1,845.04",-1.08%
8-Apr-14,"1,851.96",0.37%
9-Apr-14,"1,872.18",1.09%
10-Apr-14,"1,833.08",-2.11%
11-Apr-14,"1,815.69",-0.95%
14-Apr-14,"1,830.61",0.82%
15-Apr-14,"1,842.98",0.67%
16-Apr-14,"1,862.31",1.04%
17-Apr-14,"1,864.85",0.14%
21-Apr-14,"1,871.89",0.38%
22-Apr-14,"1,879.55",0.41%
23-Apr-14,"1,875.39",-0.22%
24-Apr-14,"1,878.61",0.17%
25-Apr-14,"1,863.40",-0.81%
28-Apr-14,"1,869.43",0.32%
29-Apr-14,"1,878.33",0.47%
30-Apr-14,"1,883.95",0.30%
1-May-14,"1,883.68",-0.01%
2-May-14,"1,881.14",-0.13%
5-May-14,"1,884.66",0.19%
6-May-14,"1,867.72",-0.90%
7-May-14,"1,878.21",0.56%
8-May-14,"1,875.63",-0.14%
9-May-14,"1,878.48",0.15%
12-May-14,"1,896.65",0.96%
13-May-14,"1,897.45",0.04%
14-May-14,"1,888.53",-0.47%
15-May-14,"1,870.85",-0.94%
16-May-14,"1,877.86",0.37%
19-May-14,"1,885.08",0.38%
20-May-14,"1,872.83",-0.65%
21-May-14,"1,888.03",0.81%
22-May-14,"1,892.49",0.24%
23-May-14,"1,900.53",0.42%
27-May-14,"1,911.91",0.60%
28-May-14,"1,909.78",-0.11%
29-May-14,"1,920.03",0.54%
30-May-14,"1,923.57",0.18%
2-Jun-14,"1,924.97",0.07%
3-Jun-14,"1,924.24",-0.04%
4-Jun-14,"1,927.88",0.19%
5-Jun-14,"1,940.46",0.65%
6-Jun-14,"1,949.44",0.46%
9-Jun-14,"1,951.27",0.09%
10-Jun-14,"1,950.79",-0.02%
11-Jun-14,"1,943.89",-0.35%
12-Jun-14,"1,930.11",-0.71%
13-Jun-14,"1,936.16",0.31%
16-Jun-14,"1,937.78",0.08%
17-Jun-14,"1,941.99",0.22%
18-Jun-14,"1,956.98",0.77%
19-Jun-14,"1,959.48",0.13%
20-Jun-14,"1,962.87",0.17%
23-Jun-14,"1,962.61",-0.01%
24-Jun-14,"1,949.98",-0.65%
25-Jun-14,"1,959.53",0.49%
26-Jun-14,"1,957.22",-0.12%
27-Jun-14,"1,960.96",0.19%
30-Jun-14,"1,960.23",-0.04%
1-Jul-14,"1,973.32",0.67%
2-Jul-14,"1,974.62",0.07%
3-Jul-14,"1,985.44",0.55%
7-Jul-14,"1,977.65",-0.39%
8-Jul-14,"1,963.71",-0.71%
9-Jul-14,"1,972.83",0.46%
10-Jul-14,"1,964.68",-0.41%
11-Jul-14,"1,967.57",0.15%
14-Jul-14,"1,977.10",0.48%
15-Jul-14,"1,973.28",-0.19%
16-Jul-14,"1,981.57",0.42%
17-Jul-14,"1,958.12",-1.19%
18-Jul-14,"1,978.22",1.02%
21-Jul-14,"1,973.63",-0.23%
22-Jul-14,"1,983.53",0.50%
23-Jul-14,"1,987.01",0.18%
24-Jul-14,"1,987.98",0.05%
25-Jul-14,"1,978.34",-0.49%
28-Jul-14,"1,978.91",0.03%
29-Jul-14,"1,969.95",-0.45%
30-Jul-14,"1,970.07",0.01%
31-Jul-14,"1,930.67",-2.02%
1-Aug-14,"1,925.15",-0.29%
4-Aug-14,"1,938.99",0.72%
5-Aug-14,"1,920.21",-0.97%
6-Aug-14,"1,920.24",0.00%
7-Aug-14,"1,909.57",-0.56%
8-Aug-14,"1,931.59",1.15%
11-Aug-14,"1,936.92",0.28%
12-Aug-14,"1,933.75",-0.16%
13-Aug-14,"1,946.72",0.67%
14-Aug-14,"1,955.18",0.43%
15-Aug-14,"1,955.06",-0.01%
18-Aug-14,"1,971.74",0.85%
19-Aug-14,"1,981.60",0.50%
20-Aug-14,"1,986.51",0.25%
21-Aug-14,"1,992.37",0.29%
22-Aug-14,"1,988.40",-0.20%
25-Aug-14,"1,997.92",0.48%
26-Aug-14,"2,000.02",0.11%
27-Aug-14,"2,000.12",0.00%
28-Aug-14,"1,996.74",-0.17%
29-Aug-14,"2,003.37",0.33%
2-Sep-14,"2,002.28",-0.05%
3-Sep-14,"2,000.72",-0.08%
4-Sep-14,"1,997.65",-0.15%
5-Sep-14,"2,007.71",0.50%
8-Sep-14,"2,001.54",-0.31%
9-Sep-14,"1,988.44",-0.66%
10-Sep-14,"1,995.69",0.36%
11-Sep-14,"1,997.45",0.09%
12-Sep-14,"1,985.54",-0.60%
15-Sep-14,"1,984.13",-0.07%
16-Sep-14,"1,998.98",0.75%
17-Sep-14,"2,001.57",0.13%
18-Sep-14,"2,011.36",0.49%
19-Sep-14,"2,010.40",-0.05%
22-Sep-14,"1,994.29",-0.80%
23-Sep-14,"1,982.77",-0.58%
24-Sep-14,"1,998.30",0.78%
25-Sep-14,"1,965.99",-1.63%
26-Sep-14,"1,982.85",0.85%
29-Sep-14,"1,977.80",-0.26%
30-Sep-14,"1,972.29",-0.28%
1-Oct-14,"1,946.16",-1.33%
2-Oct-14,"1,946.17",0.00%
3-Oct-14,"1,967.90",1.11%
6-Oct-14,"1,964.82",-0.16%
7-Oct-14,"1,935.10",-1.52%
8-Oct-14,"1,968.89",1.73%
9-Oct-14,"1,928.21",-2.09%
10-Oct-14,"1,906.13",-1.15%
13-Oct-14,"1,874.74",-1.66%
14-Oct-14,"1,877.70",0.16%
15-Oct-14,"1,862.49",-0.81%
16-Oct-14,"1,862.76",0.01%
17-Oct-14,"1,886.76",1.28%
20-Oct-14,"1,904.01",0.91%
21-Oct-14,"1,941.28",1.94%
22-Oct-14,"1,927.11",-0.73%
23-Oct-14,"1,950.82",1.22%
24-Oct-14,"1,964.58",0.70%
27-Oct-14,"1,961.63",-0.15%
28-Oct-14,"1,985.05",1.19%
29-Oct-14,"1,982.30",-0.14%
30-Oct-14,"1,994.65",0.62%
31-Oct-14,"2,018.05",1.17%
3-Nov-14,"2,017.81",-0.01%
4-Nov-14,"2,012.10",-0.28%
5-Nov-14,"2,023.57",0.57%
6-Nov-14,"2,031.21",0.38%
7-Nov-14,"2,031.92",0.03%
10-Nov-14,"2,038.26",0.31%
11-Nov-14,"2,039.68",0.07%
12-Nov-14,"2,038.25",-0.07%
13-Nov-14,"2,039.33",0.05%
14-Nov-14,"2,039.82",0.02%
17-Nov-14,"2,041.32",0.07%
18-Nov-14,"2,051.80",0.51%
19-Nov-14,"2,048.72",-0.15%
20-Nov-14,"2,052.75",0.20%
21-Nov-14,"2,063.50",0.52%
24-Nov-14,"2,069.41",0.29%
25-Nov-14,"2,067.03",-0.12%
26-Nov-14,"2,072.83",0.28%
28-Nov-14,"2,067.56",-0.25%
1-Dec-14,"2,053.44",-0.69%
2-Dec-14,"2,066.55",0.64%
3-Dec-14,"2,074.33",0.38%
4-Dec-14,"2,071.92",-0.12%
5-Dec-14,"2,075.37",0.17%
8-Dec-14,"2,060.31",-0.73%
9-Dec-14,"2,059.82",-0.02%
10-Dec-14,"2,026.14",-1.65%
11-Dec-14,"2,035.33",0.45%
12-Dec-14,"2,002.33",-1.63%
15-Dec-14,"1,989.63",-0.64%
16-Dec-14,"1,972.74",-0.85%
17-Dec-14,"2,012.89",2.01%
18-Dec-14,"2,061.23",2.37%
19-Dec-14,"2,070.65",0.46%
22-Dec-14,"2,078.54",0.38%
23-Dec-14,"2,082.17",0.17%
24-Dec-14,"2,081.88",-0.01%
26-Dec-14,"2,088.77",0.33%
29-Dec-14,"2,090.57",0.09%
30-Dec-14,"2,080.35",-0.49%
31-Dec-14,"2,058.90",-1.04%
2-Jan-15,"2,058.20",-0.03%
5-Jan-15,"2,020.58",-1.84%
6-Jan-15,"2,002.61",-0.89%
7-Jan-15,"2,025.90",1.16%
8-Jan-15,"2,062.14",1.77%
9-Jan-15,"2,044.81",-0.84%
12-Jan-15,"2,028.26",-0.81%
13-Jan-15,"2,023.03",-0.26%
14-Jan-15,"2,011.27",-0.58%
15-Jan-15,"1,992.67",-0.93%
16-Jan-15,"2,019.42",1.33%
20-Jan-15,"2,022.55",0.15%
21-Jan-15,"2,032.12",0.47%
22-Jan-15,"2,063.15",1.52%
23-Jan-15,"2,051.82",-0.55%
26-Jan-15,"2,057.09",0.26%
27-Jan-15,"2,029.55",-1.35%
28-Jan-15,"2,002.16",-1.36%
29-Jan-15,"2,021.25",0.95%
30-Jan-15,"1,994.99",-1.31%
2-Feb-15,"2,020.85",1.29%
3-Feb-15,"2,050.03",1.43%
4-Feb-15,"2,041.51",-0.42%
5-Feb-15,"2,062.52",1.02%
6-Feb-15,"2,055.47",-0.34%
9-Feb-15,"2,046.74",-0.43%
10-Feb-15,"2,068.59",1.06%
11-Feb-15,"2,068.53",0.00%
12-Feb-15,"2,088.48",0.96%
13-Feb-15,"2,096.99",0.41%
17-Feb-15,"2,100.34",0.16%
18-Feb-15,"2,099.68",-0.03%
19-Feb-15,"2,097.45",-0.11%
20-Feb-15,"2,110.30",0.61%
23-Feb-15,"2,109.66",-0.03%
24-Feb-15,"2,115.48",0.28%
25-Feb-15,"2,113.86",-0.08%
26-Feb-15,"2,110.74",-0.15%
27-Feb-15,"2,104.50",-0.30%
2-Mar-15,"2,117.39",0.61%
3-Mar-15,"2,107.78",-0.45%
4-Mar-15,"2,098.53",-0.44%
5-Mar-15,"2,101.04",0.12%
6-Mar-15,"2,071.26",-1.43%
9-Mar-15,"2,079.43",0.39%
10-Mar-15,"2,044.16",-1.71%
11-Mar-15,"2,040.24",-0.19%
12-Mar-15,"2,065.95",1.25%
13-Mar-15,"2,053.40",-0.61%
16-Mar-15,"2,081.19",1.34%
17-Mar-15,"2,074.28",-0.33%
18-Mar-15,"2,099.50",1.21%
19-Mar-15,"2,089.27",-0.49%
20-Mar-15,"2,108.10",0.90%
23-Mar-15,"2,104.42",-0.17%
24-Mar-15,"2,091.50",-0.62%
25-Mar-15,"2,061.05",-1.47%
26-Mar-15,"2,056.15",-0.24%
27-Mar-15,"2,061.02",0.24%
30-Mar-15,"2,086.24",1.22%
31-Mar-15,"2,067.89",-0.88%
1-Apr-15,"2,059.69",-0.40%
2-Apr-15,"2,066.96",0.35%
6-Apr-15,"2,080.62",0.66%
7-Apr-15,"2,076.33",-0.21%
8-Apr-15,"2,081.90",0.27%
9-Apr-15,"2,091.18",0.44%
10-Apr-15,"2,102.06",0.52%
13-Apr-15,"2,092.43",-0.46%
14-Apr-15,"2,095.84",0.16%
15-Apr-15,"2,106.63",0.51%
16-Apr-15,"2,104.99",-0.08%
17-Apr-15,"2,081.18",-1.14%
20-Apr-15,"2,100.40",0.92%
21-Apr-15,"2,097.29",-0.15%
22-Apr-15,"2,107.96",0.51%
23-Apr-15,"2,112.93",0.24%
24-Apr-15,"2,117.69",0.23%
27-Apr-15,"2,108.92",-0.41%
28-Apr-15,"2,114.76",0.28%
29-Apr-15,"2,106.85",-0.37%
30-Apr-15,"2,085.51",-1.02%
1-May-15,"2,108.29",1.09%
4-May-15,"2,114.49",0.29%
5-May-15,"2,089.46",-1.19%
6-May-15,"2,080.15",-0.45%
7-May-15,"2,088.00",0.38%
8-May-15,"2,116.10",1.34%
11-May-15,"2,105.33",-0.51%
12-May-15,"2,099.12",-0.30%
13-May-15,"2,098.48",-0.03%
14-May-15,"2,121.10",1.07%
15-May-15,"2,122.73",0.08%
18-May-15,"2,129.20",0.30%
19-May-15,"2,127.83",-0.06%
20-May-15,"2,125.85",-0.09%
21-May-15,"2,130.82",0.23%
22-May-15,"2,126.06",-0.22%
26-May-15,"2,104.20",-1.03%
27-May-15,"2,123.48",0.91%
28-May-15,"2,120.79",-0.13%
29-May-15,"2,107.39",-0.63%
1-Jun-15,"2,111.73",0.21%
2-Jun-15,"2,109.60",-0.10%
3-Jun-15,"2,114.07",0.21%
4-Jun-15,"2,095.84",-0.87%
5-Jun-15,"2,092.83",-0.14%
8-Jun-15,"2,079.28",-0.65%
9-Jun-15,"2,080.15",0.04%
10-Jun-15,"2,105.20",1.20%
11-Jun-15,"2,108.86",0.17%
12-Jun-15,"2,094.11",-0.70%
15-Jun-15,"2,084.43",-0.46%
16-Jun-15,"2,096.29",0.57%
17-Jun-15,"2,100.44",0.20%
18-Jun-15,"2,121.24",0.99%
19-Jun-15,"2,109.99",-0.53%
22-Jun-15,"2,122.85",0.61%
23-Jun-15,"2,124.20",0.06%
24-Jun-15,"2,108.58",-0.74%
25-Jun-15,"2,102.31",-0.30%
26-Jun-15,"2,101.49",-0.04%
29-Jun-15,"2,057.64",-2.11%
30-Jun-15,"2,063.11",0.27%
1-Jul-15,"2,077.42",0.69%
2-Jul-15,"2,076.78",-0.03%
6-Jul-15,"2,068.76",-0.39%
7-Jul-15,"2,081.34",0.61%
8-Jul-15,"2,046.68",-1.68%
9-Jul-15,"2,051.31",0.23%
10-Jul-15,"2,076.62",1.23%
13-Jul-15,"2,099.60",1.10%
14-Jul-15,"2,108.95",0.44%
15-Jul-15,"2,107.40",-0.07%
16-Jul-15,"2,124.29",0.80%
17-Jul-15,"2,126.64",0.11%
20-Jul-15,"2,128.28",0.08%
21-Jul-15,"2,119.21",-0.43%
22-Jul-15,"2,114.15",-0.24%
23-Jul-15,"2,102.15",-0.57%
24-Jul-15,"2,079.65",-1.08%
27-Jul-15,"2,067.64",-0.58%
28-Jul-15,"2,093.25",1.23%
29-Jul-15,"2,108.57",0.73%
30-Jul-15,"2,108.63",0.00%
31-Jul-15,"2,103.84",-0.23%
3-Aug-15,"2,098.04",-0.28%
4-Aug-15,"2,093.32",-0.23%
5-Aug-15,"2,099.84",0.31%
6-Aug-15,"2,083.56",-0.78%
7-Aug-15,"2,077.57",-0.29%
10-Aug-15,"2,104.18",1.27%
11-Aug-15,"2,084.07",-0.96%
12-Aug-15,"2,086.05",0.09%
13-Aug-15,"2,083.39",-0.13%
14-Aug-15,"2,091.54",0.39%
17-Aug-15,"2,102.44",0.52%
18-Aug-15,"2,096.92",-0.26%
19-Aug-15,"2,079.61",-0.83%
20-Aug-15,"2,035.73",-2.13%
21-Aug-15,"1,970.89",-3.24%
24-Aug-15,"1,893.21",-4.02%
25-Aug-15,"1,867.61",-1.36%
26-Aug-15,"1,940.51",3.83%
27-Aug-15,"1,987.66",2.40%
28-Aug-15,"1,988.87",0.06%
31-Aug-15,"1,972.18",-0.84%
1-Sep-15,"1,913.85",-3.00%
2-Sep-15,"1,948.86",1.81%
3-Sep-15,"1,951.13",0.12%
4-Sep-15,"1,921.22",-1.54%
8-Sep-15,"1,969.41",2.48%
9-Sep-15,"1,942.04",-1.40%
10-Sep-15,"1,952.29",0.53%
11-Sep-15,"1,961.05",0.45%
14-Sep-15,"1,953.03",-0.41%
15-Sep-15,"1,978.09",1.27%
16-Sep-15,"1,995.31",0.87%
17-Sep-15,"1,990.20",-0.26%
18-Sep-15,"1,958.03",-1.63%
21-Sep-15,"1,966.97",0.46%
22-Sep-15,"1,942.74",-1.24%
23-Sep-15,"1,938.76",-0.21%
24-Sep-15,"1,932.24",-0.34%
25-Sep-15,"1,931.34",-0.05%
28-Sep-15,"1,881.77",-2.60%
29-Sep-15,"1,884.09",0.12%
30-Sep-15,"1,920.03",1.89%
1-Oct-15,"1,923.82",0.20%
2-Oct-15,"1,951.36",1.42%
5-Oct-15,"1,987.05",1.81%
6-Oct-15,"1,979.92",-0.36%
7-Oct-15,"1,995.83",0.80%
8-Oct-15,"2,013.43",0.88%
9-Oct-15,"2,014.89",0.07%
12-Oct-15,"2,017.46",0.13%
13-Oct-15,"2,003.69",-0.68%
14-Oct-15,"1,994.24",-0.47%
15-Oct-15,"2,023.86",1.47%
16-Oct-15,"2,033.11",0.46%
19-Oct-15,"2,033.66",0.03%
20-Oct-15,"2,030.77",-0.14%
21-Oct-15,"2,018.94",-0.58%
22-Oct-15,"2,052.51",1.65%
23-Oct-15,"2,075.15",1.10%
26-Oct-15,"2,071.18",-0.19%
27-Oct-15,"2,065.89",-0.26%
28-Oct-15,"2,090.35",1.18%
29-Oct-15,"2,089.41",-0.04%
30-Oct-15,"2,079.36",-0.48%
2-Nov-15,"2,104.05",1.18%
3-Nov-15,"2,109.79",0.27%
4-Nov-15,"2,102.31",-0.36%
5-Nov-15,"2,099.93",-0.11%
6-Nov-15,"2,099.20",-0.03%
9-Nov-15,"2,078.58",-0.99%
10-Nov-15,"2,081.72",0.15%
11-Nov-15,"2,075.00",-0.32%
12-Nov-15,"2,045.97",-1.41%
13-Nov-15,"2,023.04",-1.13%
16-Nov-15,"2,053.19",1.48%
17-Nov-15,"2,050.44",-0.13%
18-Nov-15,"2,083.58",1.60%
19-Nov-15,"2,081.24",-0.11%
20-Nov-15,"2,089.17",0.38%
23-Nov-15,"2,086.59",-0.12%
24-Nov-15,"2,089.14",0.12%
25-Nov-15,"2,088.87",-0.01%
27-Nov-15,"2,090.11",0.06%
30-Nov-15,"2,080.41",-0.47%
1-Dec-15,"2,102.63",1.06%
2-Dec-15,"2,079.51",-1.11%
3-Dec-15,"2,049.62",-1.45%
4-Dec-15,"2,091.69",2.03%
7-Dec-15,"2,077.07",-0.70%
8-Dec-15,"2,063.59",-0.65%
9-Dec-15,"2,047.62",-0.78%
10-Dec-15,"2,052.23",0.22%
11-Dec-15,"2,012.37",-1.96%
14-Dec-15,"2,021.94",0.47%
15-Dec-15,"2,043.41",1.06%
16-Dec-15,"2,073.07",1.44%
17-Dec-15,"2,041.89",-1.52%
18-Dec-15,"2,005.55",-1.80%
21-Dec-15,"2,021.15",0.77%
22-Dec-15,"2,038.97",0.88%
23-Dec-15,"2,064.29",1.23%
24-Dec-15,"2,060.99",-0.16%
28-Dec-15,"2,056.50",-0.22%
29-Dec-15,"2,078.36",1.06%
30-Dec-15,"2,063.36",-0.72%
31-Dec-15,"2,043.94",-0.95%
4-Jan-16,"2,012.66",-1.54%
5-Jan-16,"2,016.71",0.20%
6-Jan-16,"1,990.26",-1.32%
7-Jan-16,"1,943.09",-2.40%
8-Jan-16,"1,922.03",-1.09%
11-Jan-16,"1,923.67",0.09%
12-Jan-16,"1,938.68",0.78%
13-Jan-16,"1,890.28",-2.53%
14-Jan-16,"1,921.84",1.66%
15-Jan-16,"1,880.33",-2.18%
19-Jan-16,"1,881.33",0.05%
20-Jan-16,"1,859.33",-1.18%
21-Jan-16,"1,868.99",0.52%
22-Jan-16,"1,906.90",2.01%
25-Jan-16,"1,877.08",-1.58%
26-Jan-16,"1,903.63",1.40%
27-Jan-16,"1,882.95",-1.09%
28-Jan-16,"1,893.36",0.55%
29-Jan-16,"1,940.24",2.45%
1-Feb-16,"1,939.38",-0.04%
2-Feb-16,"1,903.03",-1.89%
3-Feb-16,"1,912.53",0.50%
4-Feb-16,"1,915.45",0.15%
5-Feb-16,"1,880.05",-1.87%
8-Feb-16,"1,853.44",-1.43%
9-Feb-16,"1,852.21",-0.07%
10-Feb-16,"1,851.86",-0.02%
11-Feb-16,"1,829.08",-1.24%
12-Feb-16,"1,864.78",1.93%
16-Feb-16,"1,895.58",1.64%
17-Feb-16,"1,926.82",1.63%
18-Feb-16,"1,917.83",-0.47%
19-Feb-16,"1,917.78",0.00%
22-Feb-16,"1,945.50",1.44%
23-Feb-16,"1,921.27",-1.25%
24-Feb-16,"1,929.80",0.44%
25-Feb-16,"1,951.70",1.13%
26-Feb-16,"1,948.05",-0.19%
29-Feb-16,"1,932.23",-0.82%
1-Mar-16,"1,978.35",2.36%
2-Mar-16,"1,986.45",0.41%
3-Mar-16,"1,993.40",0.35%
4-Mar-16,"1,999.99",0.33%
7-Mar-16,"2,001.76",0.09%
8-Mar-16,"1,979.26",-1.13%
9-Mar-16,"1,989.26",0.50%
10-Mar-16,"1,989.57",0.02%
11-Mar-16,"2,022.19",1.63%
14-Mar-16,"2,019.64",-0.13%
15-Mar-16,"2,015.93",-0.18%
16-Mar-16,"2,027.22",0.56%
17-Mar-16,"2,040.59",0.66%
18-Mar-16,"2,049.58",0.44%
21-Mar-16,"2,051.60",0.10%
22-Mar-16,"2,049.80",-0.09%
23-Mar-16,"2,036.71",-0.64%
24-Mar-16,"2,035.94",-0.04%
28-Mar-16,"2,037.05",0.05%
29-Mar-16,"2,055.01",0.88%
30-Mar-16,"2,063.95",0.43%
31-Mar-16,"2,059.74",-0.20%
1-Apr-16,"2,072.78",0.63%
4-Apr-16,"2,066.13",-0.32%
5-Apr-16,"2,045.17",-1.02%
6-Apr-16,"2,066.66",1.05%
7-Apr-16,"2,041.91",-1.20%
8-Apr-16,"2,047.60",0.28%
11-Apr-16,"2,041.99",-0.27%
12-Apr-16,"2,061.72",0.96%
13-Apr-16,"2,082.42",1.00%
14-Apr-16,"2,082.78",0.02%
15-Apr-16,"2,080.73",-0.10%
18-Apr-16,"2,094.34",0.65%
19-Apr-16,"2,100.80",0.31%
20-Apr-16,"2,102.40",0.08%
21-Apr-16,"2,091.48",-0.52%
22-Apr-16,"2,091.58",0.00%
25-Apr-16,"2,087.79",-0.18%
26-Apr-16,"2,091.70",0.19%
27-Apr-16,"2,095.15",0.16%
28-Apr-16,"2,075.81",-0.93%
29-Apr-16,"2,065.30",-0.51%
2-May-16,"2,081.43",0.78%
3-May-16,"2,063.37",-0.87%
4-May-16,"2,051.12",-0.60%
5-May-16,"2,050.63",-0.02%
6-May-16,"2,057.14",0.32%
9-May-16,"2,058.69",0.08%
10-May-16,"2,084.39",1.24%
11-May-16,"2,064.46",-0.96%
12-May-16,"2,064.11",-0.02%
13-May-16,"2,046.61",-0.85%
16-May-16,"2,066.66",0.97%
17-May-16,"2,047.21",-0.95%
18-May-16,"2,047.63",0.02%
19-May-16,"2,040.04",-0.37%
20-May-16,"2,052.32",0.60%
23-May-16,"2,048.04",-0.21%
24-May-16,"2,076.06",1.36%
25-May-16,"2,090.54",0.70%
26-May-16,"2,090.10",-0.02%
27-May-16,"2,099.06",0.43%
31-May-16,"2,096.95",-0.10%
1-Jun-16,"2,099.33",0.11%
2-Jun-16,"2,105.26",0.28%
3-Jun-16,"2,099.13",-0.29%
6-Jun-16,"2,109.41",0.49%
7-Jun-16,"2,112.13",0.13%
8-Jun-16,"2,119.12",0.33%
9-Jun-16,"2,115.48",-0.17%
10-Jun-16,"2,096.07",-0.92%
13-Jun-16,"2,079.06",-0.81%
14-Jun-16,"2,075.32",-0.18%
15-Jun-16,"2,071.50",-0.18%
16-Jun-16,"2,077.99",0.31%
17-Jun-16,"2,071.22",-0.33%
20-Jun-16,"2,083.25",0.58%
21-Jun-16,"2,088.90",0.27%
22-Jun-16,"2,085.45",-0.17%
23-Jun-16,"2,113.32",1.33%
24-Jun-16,"2,037.41",-3.66%
27-Jun-16,"2,000.54",-1.83%
28-Jun-16,"2,036.09",1.76%
29-Jun-16,"2,070.77",1.69%
30-Jun-16,"2,098.86",1.35%
1-Jul-16,"2,102.95",0.19%
5-Jul-16,"2,088.55",-0.69%
6-Jul-16,"2,099.73",0.53%
7-Jul-16,"2,097.90",-0.09%
8-Jul-16,"2,129.90",1.51%
11-Jul-16,"2,137.16",0.34%
12-Jul-16,"2,152.14",0.70%
13-Jul-16,"2,152.43",0.01%
14-Jul-16,"2,163.75",0.52%
15-Jul-16,"2,161.74",-0.09%
18-Jul-16,"2,166.89",0.24%
19-Jul-16,"2,163.78",-0.14%
20-Jul-16,"2,173.02",0.43%
21-Jul-16,"2,165.17",-0.36%
22-Jul-16,"2,175.03",0.45%
25-Jul-16,"2,168.48",-0.30%
26-Jul-16,"2,169.18",0.03%
27-Jul-16,"2,166.58",-0.12%
28-Jul-16,"2,170.06",0.16%
29-Jul-16,"2,173.60",0.16%
1-Aug-16,"2,170.84",-0.13%
2-Aug-16,"2,157.03",-0.64%
3-Aug-16,"2,163.79",0.31%
4-Aug-16,"2,164.25",0.02%
5-Aug-16,"2,182.87",0.86%
8-Aug-16,"2,180.89",-0.09%
9-Aug-16,"2,181.74",0.04%
10-Aug-16,"2,175.49",-0.29%
11-Aug-16,"2,185.79",0.47%
12-Aug-16,"2,184.05",-0.08%
15-Aug-16,"2,190.15",0.28%
16-Aug-16,"2,178.15",-0.55%
17-Aug-16,"2,182.22",0.19%
18-Aug-16,"2,187.02",0.22%
19-Aug-16,"2,183.87",-0.14%
22-Aug-16,"2,182.64",-0.06%
23-Aug-16,"2,186.90",0.19%
24-Aug-16,"2,175.44",-0.53%
25-Aug-16,"2,172.47",-0.14%
26-Aug-16,"2,169.04",-0.16%
29-Aug-16,"2,180.38",0.52%
30-Aug-16,"2,176.12",-0.20%
31-Aug-16,"2,170.95",-0.24%
1-Sep-16,"2,170.86",0.00%
2-Sep-16,"2,179.98",0.42%
6-Sep-16,"2,186.48",0.30%
7-Sep-16,"2,186.16",-0.01%
8-Sep-16,"2,181.30",-0.22%
9-Sep-16,"2,127.81",-2.48%
12-Sep-16,"2,159.04",1.46%
13-Sep-16,"2,127.02",-1.49%
14-Sep-16,"2,125.77",-0.06%
15-Sep-16,"2,147.26",1.01%
16-Sep-16,"2,139.16",-0.38%
19-Sep-16,"2,139.12",0.00%
20-Sep-16,"2,139.76",0.03%
21-Sep-16,"2,163.12",1.09%
22-Sep-16,"2,177.18",0.65%
23-Sep-16,"2,164.69",-0.58%
26-Sep-16,"2,146.10",-0.86%
27-Sep-16,"2,159.93",0.64%
28-Sep-16,"2,171.37",0.53%
29-Sep-16,"2,151.13",-0.94%
30-Sep-16,"2,168.27",0.79%
3-Oct-16,"2,161.20",-0.33%
4-Oct-16,"2,150.49",-0.50%
5-Oct-16,"2,159.73",0.43%
6-Oct-16,"2,160.77",0.05%
7-Oct-16,"2,153.74",-0.33%
10-Oct-16,"2,163.66",0.46%
11-Oct-16,"2,136.73",-1.25%
12-Oct-16,"2,139.18",0.11%
13-Oct-16,"2,132.55",-0.31%
14-Oct-16,"2,132.98",0.02%
17-Oct-16,"2,126.50",-0.30%
18-Oct-16,"2,139.60",0.61%
19-Oct-16,"2,144.29",0.22%
20-Oct-16,"2,141.34",-0.14%
21-Oct-16,"2,141.16",-0.01%
24-Oct-16,"2,151.33",0.47%
25-Oct-16,"2,143.16",-0.38%
26-Oct-16,"2,139.43",-0.17%
27-Oct-16,"2,133.04",-0.30%
28-Oct-16,"2,126.41",-0.31%
31-Oct-16,"2,126.15",-0.01%
1-Nov-16,"2,111.72",-0.68%
2-Nov-16,"2,097.94",-0.65%
3-Nov-16,"2,088.66",-0.44%
4-Nov-16,"2,085.18",-0.17%
7-Nov-16,"2,131.52",2.20%
8-Nov-16,"2,139.56",0.38%
9-Nov-16,"2,163.26",1.10%
10-Nov-16,"2,167.48",0.19%
11-Nov-16,"2,164.45",-0.14%
14-Nov-16,"2,164.20",-0.01%
15-Nov-16,"2,180.39",0.75%
16-Nov-16,"2,176.94",-0.16%
17-Nov-16,"2,187.12",0.47%
18-Nov-16,"2,181.90",-0.24%
21-Nov-16,"2,198.18",0.74%
22-Nov-16,"2,202.94",0.22%
23-Nov-16,"2,204.72",0.08%
25-Nov-16,"2,213.35",0.39%
28-Nov-16,"2,201.72",-0.53%
29-Nov-16,"2,204.66",0.13%
30-Nov-16,"2,198.81",-0.27%
1-Dec-16,"2,191.08",-0.35%
2-Dec-16,"2,191.95",0.04%
5-Dec-16,"2,204.71",0.58%
6-Dec-16,"2,212.23",0.34%
7-Dec-16,"2,241.35",1.31%
8-Dec-16,"2,246.19",0.22%
9-Dec-16,"2,259.53",0.59%
12-Dec-16,"2,256.96",-0.11%
13-Dec-16,"2,271.72",0.65%
14-Dec-16,"2,253.28",-0.82%
15-Dec-16,"2,262.03",0.39%
16-Dec-16,"2,258.07",-0.18%
19-Dec-16,"2,262.53",0.20%
20-Dec-16,"2,270.76",0.36%
21-Dec-16,"2,265.18",-0.25%
22-Dec-16,"2,260.96",-0.19%
23-Dec-16,"2,263.79",0.13%
27-Dec-16,"2,268.88",0.22%
28-Dec-16,"2,249.92",-0.84%
29-Dec-16,"2,249.26",-0.03%
30-Dec-16,"2,238.83",-0.46%
3-Jan-17,"2,257.83",0.85%
4-Jan-17,"2,270.75",0.57%
5-Jan-17,"2,269.00",-0.08%
6-Jan-17,"2,276.98",0.35%
9-Jan-17,"2,268.90",-0.36%
10-Jan-17,"2,268.90",0.00%
11-Jan-17,"2,275.32",0.28%
12-Jan-17,"2,270.44",-0.21%
13-Jan-17,"2,274.64",0.18%
17-Jan-17,"2,267.89",-0.30%
18-Jan-17,"2,271.89",0.18%
19-Jan-17,"2,263.69",-0.36%
20-Jan-17,"2,271.31",0.34%
23-Jan-17,"2,265.20",-0.27%
24-Jan-17,"2,280.07",0.65%
25-Jan-17,"2,298.37",0.80%
26-Jan-17,"2,296.68",-0.07%
27-Jan-17,"2,294.69",-0.09%
30-Jan-17,"2,280.90",-0.60%
31-Jan-17,"2,278.87",-0.09%
1-Feb-17,"2,279.55",0.03%
2-Feb-17,"2,280.85",0.06%
3-Feb-17,"2,297.42",0.72%
6-Feb-17,"2,292.56",-0.21%
7-Feb-17,"2,293.08",0.02%
8-Feb-17,"2,294.67",0.07%
9-Feb-17,"2,307.87",0.57%
10-Feb-17,"2,316.10",0.36%
13-Feb-17,"2,328.25",0.52%
14-Feb-17,"2,337.58",0.40%
15-Feb-17,"2,349.25",0.50%
16-Feb-17,"2,347.22",-0.09%
17-Feb-17,"2,351.16",0.17%
21-Feb-17,"2,365.38",0.60%
22-Feb-17,"2,362.82",-0.11%
23-Feb-17,"2,363.81",0.04%
24-Feb-17,"2,367.34",0.15%
27-Feb-17,"2,369.75",0.10%
28-Feb-17,"2,363.64",-0.26%
1-Mar-17,"2,395.96",1.36%
2-Mar-17,"2,381.92",-0.59%
3-Mar-17,"2,383.12",0.05%
6-Mar-17,"2,375.31",-0.33%
7-Mar-17,"2,368.39",-0.29%
8-Mar-17,"2,362.98",-0.23%
9-Mar-17,"2,364.87",0.08%
10-Mar-17,"2,372.60",0.33%
13-Mar-17,"2,373.47",0.04%
14-Mar-17,"2,365.45",-0.34%
15-Mar-17,"2,385.26",0.83%
16-Mar-17,"2,381.38",-0.16%
17-Mar-17,"2,378.25",-0.13%
20-Mar-17,"2,373.47",-0.20%
21-Mar-17,"2,344.02",-1.25%
22-Mar-17,"2,348.45",0.19%
23-Mar-17,"2,345.96",-0.11%
24-Mar-17,"2,343.98",-0.08%
27-Mar-17,"2,341.59",-0.10%
28-Mar-17,"2,358.57",0.72%
29-Mar-17,"2,361.13",0.11%
30-Mar-17,"2,368.06",0.29%
31-Mar-17,"2,362.72",-0.23%
3-Apr-17,"2,358.84",-0.16%
4-Apr-17,"2,360.16",0.06%
5-Apr-17,"2,352.95",-0.31%
6-Apr-17,"2,357.49",0.19%
7-Apr-17,"2,355.54",-0.08%
10-Apr-17,"2,357.16",0.07%
11-Apr-17,"2,353.78",-0.14%
12-Apr-17,"2,344.93",-0.38%
13-Apr-17,"2,328.95",-0.68%
17-Apr-17,"2,349.01",0.86%
18-Apr-17,"2,342.19",-0.29%
19-Apr-17,"2,338.17",-0.17%
20-Apr-17,"2,355.84",0.75%
21-Apr-17,"2,348.69",-0.30%
24-Apr-17,"2,374.15",1.08%
25-Apr-17,"2,388.61",0.61%
26-Apr-17,"2,387.45",-0.05%
27-Apr-17,"2,388.77",0.06%
28-Apr-17,"2,384.20",-0.19%
1-May-17,"2,388.33",0.17%
2-May-17,"2,391.17",0.12%
3-May-17,"2,388.13",-0.13%
4-May-17,"2,389.52",0.06%
5-May-17,"2,399.29",0.41%
8-May-17,"2,399.38",0.00%
9-May-17,"2,396.92",-0.10%
10-May-17,"2,399.63",0.11%
11-May-17,"2,394.44",-0.22%
12-May-17,"2,390.90",-0.15%
15-May-17,"2,402.32",0.48%
16-May-17,"2,400.67",-0.07%
17-May-17,"2,357.03",-1.83%
18-May-17,"2,365.72",0.37%
19-May-17,"2,381.73",0.67%
22-May-17,"2,394.02",0.51%
23-May-17,"2,398.42",0.18%
24-May-17,"2,404.39",0.25%
25-May-17,"2,415.07",0.44%
26-May-17,"2,415.82",0.03%
30-May-17,"2,412.91",-0.12%
31-May-17,"2,411.80",-0.05%
1-Jun-17,"2,430.06",0.75%
2-Jun-17,"2,439.07",0.37%
5-Jun-17,"2,436.10",-0.12%
6-Jun-17,"2,429.33",-0.28%
7-Jun-17,"2,433.14",0.16%
8-Jun-17,"2,433.79",0.03%
9-Jun-17,"2,431.77",-0.08%
12-Jun-17,"2,429.39",-0.10%
13-Jun-17,"2,440.35",0.45%
14-Jun-17,"2,437.92",-0.10%
15-Jun-17,"2,432.46",-0.22%
16-Jun-17,"2,433.15",0.03%
19-Jun-17,"2,453.46",0.83%
20-Jun-17,"2,437.03",-0.67%
21-Jun-17,"2,435.61",-0.06%
22-Jun-17,"2,434.50",-0.05%
23-Jun-17,"2,438.30",0.16%
26-Jun-17,"2,439.07",0.03%
27-Jun-17,"2,419.38",-0.81%
28-Jun-17,"2,440.69",0.88%
29-Jun-17,"2,419.70",-0.86%
30-Jun-17,"2,423.41",0.15%
3-Jul-17,"2,429.01",0.23%
5-Jul-17,"2,432.54",0.15%
6-Jul-17,"2,409.75",-0.94%
7-Jul-17,"2,425.18",0.64%
10-Jul-17,"2,427.43",0.09%
11-Jul-17,"2,425.53",-0.08%
12-Jul-17,"2,443.25",0.73%
13-Jul-17,"2,447.83",0.19%
14-Jul-17,"2,459.27",0.47%
17-Jul-17,"2,459.14",-0.01%
18-Jul-17,"2,460.61",0.06%
19-Jul-17,"2,473.83",0.54%
20-Jul-17,"2,473.45",-0.02%
21-Jul-17,"2,472.54",-0.04%
24-Jul-17,"2,469.91",-0.11%
25-Jul-17,"2,477.13",0.29%
26-Jul-17,"2,477.83",0.03%
27-Jul-17,"2,475.42",-0.10%
28-Jul-17,"2,472.10",-0.13%
31-Jul-17,"2,470.30",-0.07%
1-Aug-17,"2,476.35",0.24%
2-Aug-17,"2,477.57",0.05%
3-Aug-17,"2,472.16",-0.22%
4-Aug-17,"2,476.83",0.19%
7-Aug-17,"2,480.91",0.16%
8-Aug-17,"2,474.92",-0.24%
9-Aug-17,"2,474.02",-0.04%
10-Aug-17,"2,438.21",-1.46%
11-Aug-17,"2,441.32",0.13%
14-Aug-17,"2,465.84",1.00%
15-Aug-17,"2,464.61",-0.05%
16-Aug-17,"2,468.11",0.14%
17-Aug-17,"2,430.01",-1.56%
18-Aug-17,"2,425.55",-0.18%
21-Aug-17,"2,428.37",0.12%
22-Aug-17,"2,452.51",0.99%
23-Aug-17,"2,444.04",-0.35%
24-Aug-17,"2,438.97",-0.21%
25-Aug-17,"2,443.05",0.17%
28-Aug-17,"2,444.24",0.05%
29-Aug-17,"2,446.30",0.08%
30-Aug-17,"2,457.59",0.46%
31-Aug-17,"2,471.65",0.57%
1-Sep-17,"2,476.55",0.20%
5-Sep-17,"2,457.85",-0.76%
6-Sep-17,"2,465.54",0.31%
7-Sep-17,"2,465.10",-0.02%
8-Sep-17,"2,461.43",-0.15%
11-Sep-17,"2,488.11",1.08%
12-Sep-17,"2,496.48",0.34%
13-Sep-17,"2,498.37",0.08%
14-Sep-17,"2,495.62",-0.11%
15-Sep-17,"2,500.23",0.18%
18-Sep-17,"2,503.87",0.15%
19-Sep-17,"2,506.65",0.11%
20-Sep-17,"2,508.24",0.06%
21-Sep-17,"2,500.60",-0.31%
22-Sep-17,"2,502.22",0.06%
25-Sep-17,"2,496.66",-0.22%
26-Sep-17,"2,496.84",0.01%
27-Sep-17,"2,507.04",0.41%
28-Sep-17,"2,510.06",0.12%
29-Sep-17,"2,519.36",0.37%
2-Oct-17,"2,529.12",0.39%
3-Oct-17,"2,534.58",0.22%
4-Oct-17,"2,537.74",0.12%
5-Oct-17,"2,552.07",0.56%
6-Oct-17,"2,549.33",-0.11%
9-Oct-17,"2,544.73",-0.18%
10-Oct-17,"2,550.64",0.23%
11-Oct-17,"2,555.24",0.18%
12-Oct-17,"2,550.93",-0.17%
13-Oct-17,"2,553.17",0.09%
16-Oct-17,"2,557.64",0.17%
17-Oct-17,"2,559.36",0.07%
18-Oct-17,"2,561.26",0.07%
19-Oct-17,"2,562.10",0.03%
20-Oct-17,"2,575.21",0.51%
23-Oct-17,"2,564.98",-0.40%
24-Oct-17,"2,569.13",0.16%
25-Oct-17,"2,557.15",-0.47%
26-Oct-17,"2,560.40",0.13%
27-Oct-17,"2,581.07",0.80%
30-Oct-17,"2,572.83",-0.32%
31-Oct-17,"2,575.26",0.09%
1-Nov-17,"2,579.36",0.16%
2-Nov-17,"2,579.85",0.02%
3-Nov-17,"2,587.84",0.31%
6-Nov-17,"2,591.13",0.13%
7-Nov-17,"2,590.64",-0.02%
8-Nov-17,"2,594.38",0.14%
9-Nov-17,"2,584.62",-0.38%
10-Nov-17,"2,582.30",-0.09%
13-Nov-17,"2,584.84",0.10%
14-Nov-17,"2,578.87",-0.23%
15-Nov-17,"2,564.62",-0.55%
16-Nov-17,"2,585.64",0.82%
17-Nov-17,"2,578.85",-0.26%
20-Nov-17,"2,582.14",0.13%
21-Nov-17,"2,599.03",0.65%
22-Nov-17,"2,597.08",-0.08%
24-Nov-17,"2,602.42",0.21%
27-Nov-17,"2,601.42",-0.04%
28-Nov-17,"2,627.04",0.98%
29-Nov-17,"2,626.07",-0.04%
30-Nov-17,"2,647.58",0.82%
1-Dec-17,"2,642.22",-0.20%
4-Dec-17,"2,639.44",-0.11%
5-Dec-17,"2,629.57",-0.37%
6-Dec-17,"2,629.27",-0.01%
7-Dec-17,"2,636.98",0.29%
8-Dec-17,"2,651.50",0.55%
11-Dec-17,"2,659.99",0.32%
12-Dec-17,"2,664.11",0.15%
13-Dec-17,"2,662.85",-0.05%
14-Dec-17,"2,652.01",-0.41%
15-Dec-17,"2,675.81",0.89%
18-Dec-17,"2,690.16",0.53%
19-Dec-17,"2,681.47",-0.32%
20-Dec-17,"2,679.25",-0.08%
21-Dec-17,"2,684.57",0.20%
22-Dec-17,"2,683.34",-0.05%
26-Dec-17,"2,680.50",-0.11%
27-Dec-17,"2,682.62",0.08%
28-Dec-17,"2,687.54",0.18%
29-Dec-17,"2,673.61",-0.52%
2-Jan-18,"2,695.81",0.83%
3-Jan-18,"2,713.06",0.64%
4-Jan-18,"2,723.99",0.40%
5-Jan-18,"2,743.15",0.70%
8-Jan-18,"2,747.71",0.17%
9-Jan-18,"2,751.29",0.13%
10-Jan-18,"2,748.23",-0.11%
11-Jan-18,"2,767.56",0.70%
12-Jan-18,"2,786.24",0.67%
16-Jan-18,"2,776.42",-0.35%
17-Jan-18,"2,802.56",0.94%
18-Jan-18,"2,798.03",-0.16%
19-Jan-18,"2,810.30",0.44%
22-Jan-18,"2,832.97",0.80%
23-Jan-18,"2,839.13",0.22%
24-Jan-18,"2,837.54",-0.06%
25-Jan-18,"2,839.25",0.06%
26-Jan-18,"2,872.87",1.18%
29-Jan-18,"2,853.53",-0.68%
30-Jan-18,"2,822.43",-1.10%
31-Jan-18,"2,823.81",0.05%
1-Feb-18,"2,821.98",-0.06%
2-Feb-18,"2,762.13",-2.14%
5-Feb-18,"2,648.94",-4.18%
6-Feb-18,"2,695.14",1.73%
7-Feb-18,"2,681.66",-0.50%
8-Feb-18,"2,581.00",-3.83%
9-Feb-18,"2,619.55",1.48%
12-Feb-18,"2,656.00",1.38%
13-Feb-18,"2,662.94",0.26%
14-Feb-18,"2,698.63",1.33%
15-Feb-18,"2,731.20",1.20%
16-Feb-18,"2,732.22",0.04%
20-Feb-18,"2,716.26",-0.59%
21-Feb-18,"2,701.33",-0.55%
22-Feb-18,"2,703.96",0.10%
23-Feb-18,"2,747.30",1.59%
26-Feb-18,"2,779.60",1.17%
27-Feb-18,"2,744.28",-1.28%
28-Feb-18,"2,713.83",-1.12%
1-Mar-18,"2,677.67",-1.34%
2-Mar-18,"2,691.25",0.51%
5-Mar-18,"2,720.94",1.10%
6-Mar-18,"2,728.12",0.26%
7-Mar-18,"2,726.80",-0.05%
8-Mar-18,"2,738.97",0.45%
9-Mar-18,"2,786.57",1.72%
12-Mar-18,"2,783.02",-0.13%
13-Mar-18,"2,765.31",-0.64%
14-Mar-18,"2,749.48",-0.57%
15-Mar-18,"2,747.33",-0.08%
16-Mar-18,"2,752.01",0.17%
19-Mar-18,"2,712.92",-1.43%
20-Mar-18,"2,716.94",0.15%
21-Mar-18,"2,711.93",-0.18%
22-Mar-18,"2,643.69",-2.55%
23-Mar-18,"2,588.26",-2.12%
26-Mar-18,"2,658.55",2.68%
27-Mar-18,"2,612.62",-1.74%
28-Mar-18,"2,605.00",-0.29%
29-Mar-18,"2,640.87",1.37%
2-Apr-18,"2,581.88",-2.26%
3-Apr-18,"2,614.45",1.25%
4-Apr-18,"2,644.69",1.15%
5-Apr-18,"2,662.84",0.68%
6-Apr-18,"2,604.47",-2.22%
9-Apr-18,"2,613.16",0.33%
10-Apr-18,"2,656.87",1.66%
11-Apr-18,"2,642.19",-0.55%
12-Apr-18,"2,663.99",0.82%
13-Apr-18,"2,656.30",-0.29%
16-Apr-18,"2,677.84",0.81%
17-Apr-18,"2,706.39",1.06%
18-Apr-18,"2,708.64",0.08%
19-Apr-18,"2,693.13",-0.57%
20-Apr-18,"2,670.14",-0.86%
23-Apr-18,"2,670.29",0.01%
24-Apr-18,"2,634.56",-1.35%
25-Apr-18,"2,639.40",0.18%
26-Apr-18,"2,666.94",1.04%
27-Apr-18,"2,669.91",0.11%
30-Apr-18,"2,648.05",-0.82%
1-May-18,"2,654.80",0.25%
2-May-18,"2,635.67",-0.72%
3-May-18,"2,629.73",-0.23%
4-May-18,"2,663.42",1.27%
7-May-18,"2,672.63",0.35%
8-May-18,"2,671.92",-0.03%
9-May-18,"2,697.79",0.96%
10-May-18,"2,723.07",0.93%
11-May-18,"2,727.72",0.17%
14-May-18,"2,730.13",0.09%
15-May-18,"2,711.45",-0.69%
16-May-18,"2,722.46",0.41%
17-May-18,"2,720.13",-0.09%
18-May-18,"2,712.97",-0.26%
21-May-18,"2,733.01",0.74%
22-May-18,"2,724.44",-0.31%
23-May-18,"2,733.29",0.32%
24-May-18,"2,727.76",-0.20%
25-May-18,"2,721.33",-0.24%
29-May-18,"2,689.86",-1.16%
30-May-18,"2,724.01",1.26%
31-May-18,"2,705.27",-0.69%
1-Jun-18,"2,734.62",1.08%
4-Jun-18,"2,746.87",0.45%
5-Jun-18,"2,748.80",0.07%
6-Jun-18,"2,772.35",0.85%
7-Jun-18,"2,770.37",-0.07%
8-Jun-18,"2,779.03",0.31%
11-Jun-18,"2,782.00",0.11%
12-Jun-18,"2,786.85",0.17%
13-Jun-18,"2,775.63",-0.40%
14-Jun-18,"2,782.49",0.25%
15-Jun-18,"2,779.66",-0.10%
18-Jun-18,"2,773.75",-0.21%
19-Jun-18,"2,762.59",-0.40%
20-Jun-18,"2,767.32",0.17%
21-Jun-18,"2,749.76",-0.64%
22-Jun-18,"2,754.88",0.19%
25-Jun-18,"2,717.07",-1.38%
26-Jun-18,"2,723.06",0.22%
27-Jun-18,"2,699.63",-0.86%
28-Jun-18,"2,716.31",0.62%
29-Jun-18,"2,718.37",0.08%
2-Jul-18,"2,726.71",0.31%
3-Jul-18,"2,713.22",-0.50%
5-Jul-18,"2,736.61",0.86%
6-Jul-18,"2,759.82",0.84%
9-Jul-18,"2,784.17",0.88%
10-Jul-18,"2,793.84",0.35%
11-Jul-18,"2,774.02",-0.71%
12-Jul-18,"2,798.29",0.87%
13-Jul-18,"2,801.31",0.11%
16-Jul-18,"2,798.43",-0.10%
17-Jul-18,"2,809.55",0.40%
18-Jul-18,"2,815.62",0.22%
19-Jul-18,"2,804.49",-0.40%
20-Jul-18,"2,801.83",-0.09%
23-Jul-18,"2,806.98",0.18%
24-Jul-18,"2,820.40",0.48%
25-Jul-18,"2,846.07",0.91%
26-Jul-18,"2,837.44",-0.30%
27-Jul-18,"2,818.82",-0.66%
30-Jul-18,"2,802.60",-0.58%
31-Jul-18,"2,816.29",0.49%
1-Aug-18,"2,813.36",-0.10%
2-Aug-18,"2,827.22",0.49%
3-Aug-18,"2,840.35",0.46%
6-Aug-18,"2,850.40",0.35%
7-Aug-18,"2,858.45",0.28%
8-Aug-18,"2,857.70",-0.03%
9-Aug-18,"2,853.58",-0.14%
10-Aug-18,"2,833.28",-0.71%
13-Aug-18,"2,821.93",-0.40%
14-Aug-18,"2,839.96",0.64%
15-Aug-18,"2,818.37",-0.76%
16-Aug-18,"2,840.69",0.79%
17-Aug-18,"2,850.13",0.33%
20-Aug-18,"2,857.05",0.24%
21-Aug-18,"2,862.96",0.21%
22-Aug-18,"2,861.82",-0.04%
23-Aug-18,"2,856.98",-0.17%
24-Aug-18,"2,874.69",0.62%
27-Aug-18,"2,896.74",0.76%
28-Aug-18,"2,897.52",0.03%
29-Aug-18,"2,914.04",0.57%
30-Aug-18,"2,901.13",-0.44%
31-Aug-18,"2,901.52",0.01%
4-Sep-18,"2,896.72",-0.17%
5-Sep-18,"2,888.60",-0.28%
6-Sep-18,"2,878.05",-0.37%
7-Sep-18,"2,871.68",-0.22%
10-Sep-18,"2,877.13",0.19%
11-Sep-18,"2,887.89",0.37%
12-Sep-18,"2,888.92",0.04%
13-Sep-18,"2,904.18",0.53%
14-Sep-18,"2,904.98",0.03%
17-Sep-18,"2,888.80",-0.56%
18-Sep-18,"2,904.31",0.54%
19-Sep-18,"2,907.95",0.13%
20-Sep-18,"2,930.75",0.78%
21-Sep-18,"2,929.67",-0.04%
24-Sep-18,"2,919.37",-0.35%
25-Sep-18,"2,915.56",-0.13%
26-Sep-18,"2,905.97",-0.33%
27-Sep-18,"2,914.00",0.28%
28-Sep-18,"2,913.98",0.00%
1-Oct-18,"2,924.59",0.36%
2-Oct-18,"2,923.43",-0.04%
3-Oct-18,"2,925.51",0.07%
4-Oct-18,"2,901.61",-0.82%
5-Oct-18,"2,885.57",-0.55%
8-Oct-18,"2,884.43",-0.04%
9-Oct-18,"2,880.34",-0.14%
10-Oct-18,"2,785.68",-3.34%
11-Oct-18,"2,728.37",-2.08%
12-Oct-18,"2,767.13",1.41%
15-Oct-18,"2,750.79",-0.59%
16-Oct-18,"2,809.92",2.13%
17-Oct-18,"2,809.21",-0.03%
18-Oct-18,"2,768.78",-1.45%
19-Oct-18,"2,767.78",-0.04%
22-Oct-18,"2,755.88",-0.43%
23-Oct-18,"2,740.69",-0.55%
24-Oct-18,"2,656.10",-3.14%
25-Oct-18,"2,705.57",1.85%
26-Oct-18,"2,658.69",-1.75%
29-Oct-18,"2,641.25",-0.66%
30-Oct-18,"2,682.63",1.55%
31-Oct-18,"2,711.74",1.08%
1-Nov-18,"2,740.37",1.05%
2-Nov-18,"2,723.06",-0.63%
5-Nov-18,"2,738.31",0.56%
6-Nov-18,"2,755.45",0.62%
7-Nov-18,"2,813.89",2.10%
8-Nov-18,"2,806.83",-0.25%
9-Nov-18,"2,781.01",-0.92%
12-Nov-18,"2,726.22",-1.99%
13-Nov-18,"2,722.18",-0.15%
14-Nov-18,"2,701.58",-0.76%
15-Nov-18,"2,730.20",1.05%
16-Nov-18,"2,736.27",0.22%
19-Nov-18,"2,690.73",-1.68%
20-Nov-18,"2,641.89",-1.83%
21-Nov-18,"2,649.93",0.30%
23-Nov-18,"2,632.56",-0.66%
26-Nov-18,"2,673.45",1.54%
27-Nov-18,"2,682.17",0.33%
28-Nov-18,"2,743.79",2.27%
29-Nov-18,"2,737.80",-0.22%
30-Nov-18,"2,760.17",0.81%
3-Dec-18,"2,790.37",1.09%
4-Dec-18,"2,700.06",-3.29%
6-Dec-18,"2,695.95",-0.15%
7-Dec-18,"2,633.08",-2.36%
10-Dec-18,"2,637.72",0.18%
11-Dec-18,"2,636.78",-0.04%
12-Dec-18,"2,651.07",0.54%
13-Dec-18,"2,650.54",-0.02%
14-Dec-18,"2,599.95",-1.93%
17-Dec-18,"2,545.94",-2.10%
18-Dec-18,"2,546.16",0.01%
19-Dec-18,"2,506.96",-1.55%
20-Dec-18,"2,467.42",-1.59%
21-Dec-18,"2,416.62",-2.08%
24-Dec-18,"2,351.10",-2.75%
26-Dec-18,"2,467.70",4.84%
27-Dec-18,"2,488.83",0.85%
28-Dec-18,"2,485.74",-0.12%
31-Dec-18,"2,506.85",0.85%
2-Jan-19,"2,510.03",0.13%
3-Jan-19,"2,447.89",-2.51%
4-Jan-19,"2,531.94",3.38%
7-Jan-19,"2,549.69",0.70%
8-Jan-19,"2,574.41",0.96%
9-Jan-19,"2,584.96",0.41%
10-Jan-19,"2,596.64",0.45%
11-Jan-19,"2,596.26",-0.01%
14-Jan-19,"2,582.61",-0.53%
15-Jan-19,"2,610.30",1.07%
16-Jan-19,"2,616.10",0.22%
17-Jan-19,"2,635.96",0.76%
18-Jan-19,"2,670.71",1.31%
22-Jan-19,"2,632.90",-1.43%
23-Jan-19,"2,638.70",0.22%
24-Jan-19,"2,642.33",0.14%
25-Jan-19,"2,664.76",0.85%
28-Jan-19,"2,643.85",-0.79%
29-Jan-19,"2,640.00",-0.15%
30-Jan-19,"2,681.05",1.54%
31-Jan-19,"2,704.10",0.86%
1-Feb-19,"2,706.53",0.09%
4-Feb-19,"2,724.87",0.68%
5-Feb-19,"2,737.70",0.47%
6-Feb-19,"2,731.61",-0.22%
7-Feb-19,"2,706.05",-0.94%
8-Feb-19,"2,707.88",0.07%
11-Feb-19,"2,709.80",0.07%
12-Feb-19,"2,744.73",1.28%
13-Feb-19,"2,753.03",0.30%
14-Feb-19,"2,745.73",-0.27%
15-Feb-19,"2,775.60",1.08%
19-Feb-19,"2,779.76",0.15%
20-Feb-19,"2,784.70",0.18%
21-Feb-19,"2,774.88",-0.35%
22-Feb-19,"2,792.67",0.64%
25-Feb-19,"2,796.11",0.12%
26-Feb-19,"2,793.90",-0.08%
27-Feb-19,"2,792.38",-0.05%
28-Feb-19,"2,784.49",-0.28%
1-Mar-19,"2,803.69",0.69%
4-Mar-19,"2,792.81",-0.39%
5-Mar-19,"2,789.65",-0.11%
6-Mar-19,"2,771.45",-0.65%
7-Mar-19,"2,748.93",-0.82%
8-Mar-19,"2,743.07",-0.21%
11-Mar-19,"2,783.30",1.46%
12-Mar-19,"2,791.52",0.29%
13-Mar-19,"2,810.92",0.69%
14-Mar-19,"2,808.48",-0.09%
15-Mar-19,"2,822.48",0.50%
18-Mar-19,"2,832.94",0.37%
19-Mar-19,"2,832.57",-0.01%
20-Mar-19,"2,824.23",-0.29%
21-Mar-19,"2,854.88",1.08%
22-Mar-19,"2,800.71",-1.92%
25-Mar-19,"2,798.36",-0.08%
26-Mar-19,"2,818.46",0.72%
27-Mar-19,"2,805.37",-0.47%
28-Mar-19,"2,815.44",0.36%
29-Mar-19,"2,834.40",0.67%
1-Apr-19,"2,867.19",1.15%
2-Apr-19,"2,867.24",0.00%
3-Apr-19,"2,873.40",0.21%
4-Apr-19,"2,879.39",0.21%
5-Apr-19,"2,892.74",0.46%
8-Apr-19,"2,895.77",0.10%
9-Apr-19,"2,878.20",-0.61%
10-Apr-19,"2,888.21",0.35%
11-Apr-19,"2,888.32",0.00%
12-Apr-19,"2,907.41",0.66%
15-Apr-19,"2,905.58",-0.06%
16-Apr-19,"2,907.06",0.05%
17-Apr-19,"2,900.45",-0.23%
18-Apr-19,"2,905.03",0.16%
22-Apr-19,"2,907.97",0.10%
23-Apr-19,"2,933.68",0.88%
24-Apr-19,"2,927.25",-0.22%
25-Apr-19,"2,926.17",-0.04%
26-Apr-19,"2,939.88",0.47%
29-Apr-19,"2,943.03",0.11%
30-Apr-19,"2,945.83",0.10%
1-May-19,"2,923.73",-0.75%
2-May-19,"2,917.52",-0.21%
3-May-19,"2,945.64",0.96%
6-May-19,"2,932.47",-0.45%
7-May-19,"2,884.05",-1.66%
8-May-19,"2,879.42",-0.16%
9-May-19,"2,870.72",-0.30%
10-May-19,"2,881.40",0.37%
13-May-19,"2,811.87",-2.44%
14-May-19,"2,834.41",0.80%
15-May-19,"2,850.96",0.58%
16-May-19,"2,876.32",0.89%
17-May-19,"2,859.53",-0.59%
20-May-19,"2,840.23",-0.68%
21-May-19,"2,864.36",0.85%
22-May-19,"2,856.27",-0.28%
23-May-19,"2,822.24",-1.20%
24-May-19,"2,826.06",0.14%
28-May-19,"2,802.39",-0.84%
29-May-19,"2,783.02",-0.69%
30-May-19,"2,788.86",0.21%
31-May-19,"2,752.06",-1.33%
3-Jun-19,"2,744.45",-0.28%
4-Jun-19,"2,803.27",2.12%
5-Jun-19,"2,826.15",0.81%
6-Jun-19,"2,843.49",0.61%
7-Jun-19,"2,873.34",1.04%
10-Jun-19,"2,886.73",0.46%
11-Jun-19,"2,885.72",-0.03%
12-Jun-19,"2,879.84",-0.20%
13-Jun-19,"2,891.64",0.41%
14-Jun-19,"2,886.98",-0.16%
17-Jun-19,"2,889.67",0.09%
18-Jun-19,"2,917.75",0.97%
19-Jun-19,"2,926.46",0.30%
20-Jun-19,"2,954.18",0.94%
21-Jun-19,"2,950.46",-0.13%
24-Jun-19,"2,945.35",-0.17%
25-Jun-19,"2,917.38",-0.95%
26-Jun-19,"2,913.78",-0.12%
27-Jun-19,"2,924.92",0.38%
28-Jun-19,"2,941.76",0.57%
1-Jul-19,"2,964.33",0.76%
2-Jul-19,"2,973.01",0.29%
3-Jul-19,"2,995.82",0.76%
5-Jul-19,"2,990.41",-0.18%
8-Jul-19,"2,975.95",-0.48%
9-Jul-19,"2,979.63",0.12%
10-Jul-19,"2,993.07",0.45%
11-Jul-19,"2,999.91",0.23%
12-Jul-19,"3,013.77",0.46%
15-Jul-19,"3,014.30",0.02%
16-Jul-19,"3,004.04",-0.34%
17-Jul-19,"2,984.42",-0.66%
18-Jul-19,"2,995.11",0.36%
19-Jul-19,"2,976.61",-0.62%
22-Jul-19,"2,985.03",0.28%
23-Jul-19,"3,005.47",0.68%
24-Jul-19,"3,019.56",0.47%
25-Jul-19,"3,003.67",-0.53%
26-Jul-19,"3,025.86",0.74%
29-Jul-19,"3,020.97",-0.16%
30-Jul-19,"3,013.18",-0.26%
31-Jul-19,"2,980.38",-1.09%
1-Aug-19,"2,953.56",-0.90%
2-Aug-19,"2,932.05",-0.73%
5-Aug-19,"2,844.74",-3.02%
6-Aug-19,"2,881.77",1.29%
7-Aug-19,"2,883.98",0.08%
8-Aug-19,"2,938.09",1.86%
9-Aug-19,"2,918.65",-0.66%
12-Aug-19,"2,882.70",-1.24%
13-Aug-19,"2,926.32",1.50%
14-Aug-19,"2,840.60",-2.97%
15-Aug-19,"2,847.60",0.25%
16-Aug-19,"2,888.68",1.43%
19-Aug-19,"2,923.65",1.20%
20-Aug-19,"2,900.51",-0.79%
21-Aug-19,"2,924.43",0.82%
22-Aug-19,"2,922.95",-0.05%
23-Aug-19,"2,847.11",-2.63%
26-Aug-19,"2,878.38",1.09%
27-Aug-19,"2,869.16",-0.32%
28-Aug-19,"2,887.94",0.65%
29-Aug-19,"2,924.58",1.26%
30-Aug-19,"2,926.46",0.06%
3-Sep-19,"2,906.27",-0.69%
4-Sep-19,"2,937.78",1.08%
5-Sep-19,"2,976.00",1.29%
6-Sep-19,"2,978.71",0.09%
9-Sep-19,"2,978.43",-0.01%
10-Sep-19,"2,979.39",0.03%
11-Sep-19,"3,000.93",0.72%
12-Sep-19,"3,009.57",0.29%
13-Sep-19,"3,007.39",-0.07%
16-Sep-19,"2,997.96",-0.31%
17-Sep-19,"3,005.70",0.26%
18-Sep-19,"3,006.73",0.03%
19-Sep-19,"3,006.79",0.00%
20-Sep-19,"2,992.07",-0.49%
23-Sep-19,"2,991.78",-0.01%
24-Sep-19,"2,966.60",-0.85%
25-Sep-19,"2,984.87",0.61%
26-Sep-19,"2,977.62",-0.24%
27-Sep-19,"2,961.79",-0.53%
30-Sep-19,"2,976.74",0.50%
1-Oct-19,"2,940.25",-1.23%
2-Oct-19,"2,887.61",-1.81%
3-Oct-19,"2,910.63",0.79%
4-Oct-19,"2,952.01",1.41%
7-Oct-19,"2,938.79",-0.45%
8-Oct-19,"2,893.06",-1.57%
9-Oct-19,"2,919.40",0.91%
10-Oct-19,"2,938.13",0.64%
11-Oct-19,"2,970.27",1.09%
14-Oct-19,"2,966.15",-0.14%
15-Oct-19,"2,995.68",0.99%
16-Oct-19,"2,989.69",-0.20%
17-Oct-19,"2,997.95",0.28%
18-Oct-19,"2,986.20",-0.39%
21-Oct-19,"3,006.72",0.68%
22-Oct-19,"2,995.99",-0.36%
23-Oct-19,"3,004.52",0.28%
24-Oct-19,"3,010.29",0.19%
25-Oct-19,"3,022.55",0.41%
28-Oct-19,"3,039.42",0.56%
29-Oct-19,"3,036.89",-0.08%
30-Oct-19,"3,046.77",0.32%
31-Oct-19,"3,037.56",-0.30%
1-Nov-19,"3,066.91",0.96%
4-Nov-19,"3,078.27",0.37%
5-Nov-19,"3,074.62",-0.12%
6-Nov-19,"3,076.78",0.07%
7-Nov-19,"3,085.18",0.27%
8-Nov-19,"3,093.08",0.26%
11-Nov-19,"3,087.01",-0.20%
12-Nov-19,"3,091.84",0.16%
13-Nov-19,"3,094.04",0.07%
14-Nov-19,"3,096.63",0.08%
15-Nov-19,"3,120.46",0.77%
18-Nov-19,"3,122.03",0.05%
19-Nov-19,"3,120.18",-0.06%
20-Nov-19,"3,108.46",-0.38%
21-Nov-19,"3,103.54",-0.16%
22-Nov-19,"3,110.29",0.22%
25-Nov-19,"3,133.64",0.75%
26-Nov-19,"3,140.52",0.22%
27-Nov-19,"3,153.63",0.42%
29-Nov-19,"3,140.98",-0.40%
2-Dec-19,"3,113.87",-0.87%
3-Dec-19,"3,093.20",-0.67%
4-Dec-19,"3,112.76",0.63%
5-Dec-19,"3,117.43",0.15%
6-Dec-19,"3,145.91",0.91%
9-Dec-19,"3,135.96",-0.32%
10-Dec-19,"3,132.52",-0.11%
11-Dec-19,"3,141.63",0.29%
12-Dec-19,"3,168.57",0.85%
13-Dec-19,"3,168.80",0.01%
16-Dec-19,"3,191.45",0.71%
17-Dec-19,"3,192.52",0.03%
18-Dec-19,"3,191.14",-0.04%
19-Dec-19,"3,205.37",0.44%
20-Dec-19,"3,221.22",0.49%
23-Dec-19,"3,224.01",0.09%
24-Dec-19,"3,223.38",-0.02%
26-Dec-19,"3,239.91",0.51%
27-Dec-19,"3,240.02",0.00%
30-Dec-19,"3,221.29",-0.58%
31-Dec-19,"3,230.78",0.29%
2-Jan-20,"3,257.85",0.83%
3-Jan-20,"3,234.85",-0.71%
6-Jan-20,"3,246.28",0.35%
7-Jan-20,"3,237.18",-0.28%
8-Jan-20,"3,253.05",0.49%
9-Jan-20,"3,274.70",0.66%
10-Jan-20,"3,265.35",-0.29%
13-Jan-20,"3,288.13",0.70%
14-Jan-20,"3,283.15",-0.15%
15-Jan-20,"3,289.29",0.19%
16-Jan-20,"3,316.81",0.83%
17-Jan-20,"3,329.62",0.39%
21-Jan-20,"3,320.79",-0.27%
22-Jan-20,"3,321.75",0.03%
23-Jan-20,"3,325.54",0.11%
24-Jan-20,"3,295.47",-0.91%
27-Jan-20,"3,243.63",-1.59%
28-Jan-20,"3,276.24",1.00%
29-Jan-20,"3,273.40",-0.09%
30-Jan-20,"3,283.66",0.31%
31-Jan-20,"3,225.52",-1.79%
3-Feb-20,"3,248.92",0.72%
4-Feb-20,"3,297.59",1.49%
5-Feb-20,"3,334.69",1.12%
6-Feb-20,"3,345.78",0.33%
7-Feb-20,"3,327.71",-0.54%
10-Feb-20,"3,352.09",0.73%
11-Feb-20,"3,357.75",0.17%
12-Feb-20,"3,379.45",0.64%
13-Feb-20,"3,373.94",-0.16%
14-Feb-20,"3,380.16",0.18%
18-Feb-20,"3,370.29",-0.29%
19-Feb-20,"3,386.15",0.47%
20-Feb-20,"3,373.23",-0.38%
21-Feb-20,"3,337.75",-1.06%
24-Feb-20,"3,225.89",-3.41%
25-Feb-20,"3,128.21",-3.07%
26-Feb-20,"3,116.39",-0.38%
27-Feb-20,"2,978.76",-4.52%
28-Feb-20,"2,954.22",-0.83%
2-Mar-20,"3,090.23",4.50%
3-Mar-20,"3,003.37",-2.85%
4-Mar-20,"3,130.12",4.13%
5-Mar-20,"3,023.94",-3.45%
6-Mar-20,"2,972.37",-1.72%
9-Mar-20,"2,746.56",-7.90%
10-Mar-20,"2,882.23",4.82%
11-Mar-20,"2,741.38",-5.01%
12-Mar-20,"2,480.64",-9.99%
13-Mar-20,"2,711.02",8.88%
16-Mar-20,"2,386.13",-12.77%
17-Mar-20,"2,529.19",5.82%
18-Mar-20,"2,398.10",-5.32%
19-Mar-20,"2,409.39",0.47%
20-Mar-20,"2,304.92",-4.43%
23-Mar-20,"2,237.40",-2.97%
24-Mar-20,"2,447.33",8.97%
25-Mar-20,"2,475.56",1.15%
26-Mar-20,"2,630.07",6.05%
27-Mar-20,"2,541.47",-3.43%
30-Mar-20,"2,626.65",3.30%
31-Mar-20,"2,584.59",-1.61%
1-Apr-20,"2,470.50",-4.51%
2-Apr-20,"2,526.90",2.26%
3-Apr-20,"2,488.65",-1.53%
6-Apr-20,"2,663.68",6.80%
7-Apr-20,"2,659.41",-0.16%
8-Apr-20,"2,749.98",3.35%
9-Apr-20,"2,789.82",1.44%
13-Apr-20,"2,761.63",-1.02%
14-Apr-20,"2,846.06",3.01%
15-Apr-20,"2,783.36",-2.23%
16-Apr-20,"2,799.55",0.58%
17-Apr-20,"2,874.56",2.64%
20-Apr-20,"2,823.16",-1.80%
21-Apr-20,"2,736.56",-3.12%
22-Apr-20,"2,799.31",2.27%
23-Apr-20,"2,797.80",-0.05%
24-Apr-20,"2,836.74",1.38%
27-Apr-20,"2,878.48",1.46%
28-Apr-20,"2,863.39",-0.53%
29-Apr-20,"2,939.51",2.62%
30-Apr-20,"2,912.43",-0.93%
1-May-20,"2,830.71",-2.85%
4-May-20,"2,842.74",0.42%
5-May-20,"2,868.44",0.90%
6-May-20,"2,848.42",-0.70%
7-May-20,"2,881.19",1.14%
8-May-20,"2,929.80",1.67%
11-May-20,"2,930.19",0.01%
12-May-20,"2,870.12",-2.07%
13-May-20,"2,820.00",-1.76%
14-May-20,"2,852.50",1.15%
15-May-20,"2,863.70",0.39%
18-May-20,"2,953.91",3.10%
19-May-20,"2,922.94",-1.05%
20-May-20,"2,971.61",1.65%
21-May-20,"2,948.51",-0.78%
22-May-20,"2,955.45",0.24%
26-May-20,"2,991.77",1.22%
27-May-20,"3,036.13",1.47%
28-May-20,"3,029.73",-0.21%
29-May-20,"3,044.31",0.48%
1-Jun-20,"3,055.73",0.37%
2-Jun-20,"3,080.82",0.82%
3-Jun-20,"3,122.87",1.36%
4-Jun-20,"3,112.35",-0.34%
5-Jun-20,"3,193.93",2.59%
8-Jun-20,"3,232.39",1.20%
9-Jun-20,"3,207.18",-0.78%
10-Jun-20,"3,190.14",-0.53%
11-Jun-20,"3,002.10",-6.08%
12-Jun-20,"3,041.31",1.30%
15-Jun-20,"3,066.59",0.83%
16-Jun-20,"3,124.74",1.88%
17-Jun-20,"3,113.49",-0.36%
18-Jun-20,"3,115.34",0.06%
19-Jun-20,"3,097.74",-0.57%
22-Jun-20,"3,117.86",0.65%
23-Jun-20,"3,131.29",0.43%
24-Jun-20,"3,050.33",-2.62%
25-Jun-20,"3,083.76",1.09%
26-Jun-20,"3,009.05",-2.45%
29-Jun-20,"3,053.24",1.46%
30-Jun-20,"3,100.29",1.53%
1-Jul-20,"3,115.86",0.50%
2-Jul-20,"3,130.01",0.45%
6-Jul-20,"3,179.72",1.58%
7-Jul-20,"3,145.32",-1.09%
8-Jul-20,"3,169.94",0.78%
9-Jul-20,"3,152.05",-0.57%
10-Jul-20,"3,185.04",1.04%
13-Jul-20,"3,155.22",-0.94%
14-Jul-20,"3,197.52",1.33%
15-Jul-20,"3,226.56",0.90%
16-Jul-20,"3,215.57",-0.34%
17-Jul-20,"3,224.73",0.28%
20-Jul-20,"3,251.84",0.84%
21-Jul-20,"3,257.30",0.17%
22-Jul-20,"3,276.02",0.57%
23-Jul-20,"3,235.66",-1.24%
24-Jul-20,"3,215.63",-0.62%
27-Jul-20,"3,239.41",0.74%
28-Jul-20,"3,218.44",-0.65%
29-Jul-20,"3,258.44",1.24%
30-Jul-20,"3,246.22",-0.38%
31-Jul-20,"3,271.12",0.76%
3-Aug-20,"3,294.61",0.72%
4-Aug-20,"3,306.51",0.36%
5-Aug-20,"3,327.77",0.64%
6-Aug-20,"3,349.16",0.64%
7-Aug-20,"3,351.28",0.06%
10-Aug-20,"3,360.47",0.27%
11-Aug-20,"3,333.69",-0.80%
12-Aug-20,"3,380.35",1.39%
13-Aug-20,"3,373.43",-0.20%
14-Aug-20,"3,372.85",-0.02%
17-Aug-20,"3,381.99",0.27%
18-Aug-20,"3,389.78",0.23%
19-Aug-20,"3,374.85",-0.44%
20-Aug-20,"3,385.51",0.32%
21-Aug-20,"3,397.16",0.34%
24-Aug-20,"3,431.28",1.00%
25-Aug-20,"3,443.62",0.36%
26-Aug-20,"3,478.73",1.01%
27-Aug-20,"3,484.55",0.17%
28-Aug-20,"3,508.01",0.67%
31-Aug-20,"3,500.31",-0.22%
1-Sep-20,"3,526.65",0.75%
2-Sep-20,"3,580.84",1.52%
3-Sep-20,"3,455.06",-3.58%
4-Sep-20,"3,426.96",-0.82%
8-Sep-20,"3,331.84",-2.81%
9-Sep-20,"3,398.96",1.99%
10-Sep-20,"3,339.19",-1.77%
11-Sep-20,"3,340.97",0.05%
14-Sep-20,"3,383.54",1.27%
15-Sep-20,"3,401.20",0.52%
16-Sep-20,"3,385.49",-0.46%
17-Sep-20,"3,357.01",-0.84%
18-Sep-20,"3,319.47",-1.12%
21-Sep-20,"3,281.06",-1.16%
22-Sep-20,"3,315.57",1.05%
23-Sep-20,"3,236.92",-2.40%
24-Sep-20,"3,246.59",0.30%
25-Sep-20,"3,298.46",1.59%
28-Sep-20,"3,351.60",1.60%
29-Sep-20,"3,335.47",-0.48%
30-Sep-20,"3,363.00",0.82%
1-Oct-20,"3,380.80",0.53%
2-Oct-20,"3,348.42",-0.96%
5-Oct-20,"3,408.60",1.78%
6-Oct-20,"3,360.97",-1.41%
7-Oct-20,"3,419.44",1.72%
8-Oct-20,"3,446.83",0.80%
9-Oct-20,"3,477.14",0.88%
12-Oct-20,"3,534.22",1.63%
13-Oct-20,"3,511.93",-0.63%
14-Oct-20,"3,488.67",-0.66%
15-Oct-20,"3,483.34",-0.15%
16-Oct-20,"3,483.81",0.01%
19-Oct-20,"3,426.92",-1.65%
20-Oct-20,"3,443.12",0.47%
21-Oct-20,"3,435.56",-0.22%
22-Oct-20,"3,453.49",0.52%
23-Oct-20,"3,465.39",0.34%
26-Oct-20,"3,400.97",-1.88%
27-Oct-20,"3,390.68",-0.30%
28-Oct-20,"3,271.03",-3.59%
29-Oct-20,"3,310.11",1.19%
30-Oct-20,"3,269.96",-1.22%
2-Nov-20,"3,310.24",1.22%
3-Nov-20,"3,369.16",1.76%
4-Nov-20,"3,443.44",2.18%
5-Nov-20,"3,510.45",1.93%
6-Nov-20,"3,509.44",-0.03%
9-Nov-20,"3,550.50",1.16%
10-Nov-20,"3,545.53",-0.14%
11-Nov-20,"3,572.66",0.76%
12-Nov-20,"3,537.01",-1.00%
13-Nov-20,"3,585.15",1.35%
16-Nov-20,"3,626.91",1.16%
17-Nov-20,"3,609.53",-0.48%
18-Nov-20,"3,567.79",-1.16%
19-Nov-20,"3,581.87",0.39%
20-Nov-20,"3,557.54",-0.68%
23-Nov-20,"3,577.59",0.56%
24-Nov-20,"3,635.41",1.60%
25-Nov-20,"3,629.65",-0.16%
27-Nov-20,"3,638.35",0.24%
30-Nov-20,"3,621.63",-0.46%
1-Dec-20,"3,662.45",1.12%
2-Dec-20,"3,669.01",0.18%
3-Dec-20,"3,666.72",-0.06%
4-Dec-20,"3,699.12",0.88%
7-Dec-20,"3,691.96",-0.19%
8-Dec-20,"3,702.25",0.28%
9-Dec-20,"3,672.82",-0.80%
10-Dec-20,"3,668.10",-0.13%
11-Dec-20,"3,663.46",-0.13%
14-Dec-20,"3,647.49",-0.44%
15-Dec-20,"3,694.62",1.28%
16-Dec-20,"3,701.17",0.18%
17-Dec-20,"3,722.48",0.57%
18-Dec-20,"3,709.41",-0.35%
21-Dec-20,"3,694.92",-0.39%
22-Dec-20,"3,687.26",-0.21%
23-Dec-20,"3,690.01",0.07%
24-Dec-20,"3,703.06",0.35%
28-Dec-20,"3,735.36",0.87%
29-Dec-20,"3,727.04",-0.22%
30-Dec-20,"3,732.04",0.13%
31-Dec-20,"3,756.07",0.64%
4-Jan-21,"3,700.65",-1.49%
5-Jan-21,"3,726.86",0.71%
6-Jan-21,"3,748.14",0.57%
7-Jan-21,"3,803.79",1.47%
8-Jan-21,"3,824.68",0.55%
11-Jan-21,"3,799.61",-0.66%
12-Jan-21,"3,801.19",0.04%
13-Jan-21,"3,809.84",0.23%
14-Jan-21,"3,795.54",-0.38%
15-Jan-21,"3,768.25",-0.72%
19-Jan-21,"3,798.91",0.81%
20-Jan-21,"3,851.85",1.38%
21-Jan-21,"3,853.07",0.03%
22-Jan-21,"3,841.47",-0.30%
25-Jan-21,"3,855.36",0.36%
26-Jan-21,"3,849.62",-0.15%
27-Jan-21,"3,750.77",-2.60%
28-Jan-21,"3,787.38",0.97%
29-Jan-21,"3,714.24",-1.95%
1-Feb-21,"3,773.86",1.59%
2-Feb-21,"3,826.31",1.38%
3-Feb-21,"3,830.17",0.10%
4-Feb-21,"3,871.74",1.08%
5-Feb-21,"3,886.83",0.39%
8-Feb-21,"3,915.59",0.74%
9-Feb-21,"3,911.23",-0.11%
10-Feb-21,"3,909.88",-0.03%
11-Feb-21,"3,916.38",0.17%
12-Feb-21,"3,934.83",0.47%
16-Feb-21,"3,932.59",-0.06%
17-Feb-21,"3,931.33",-0.03%
18-Feb-21,"3,913.97",-0.44%
19-Feb-21,"3,906.71",-0.19%
22-Feb-21,"3,876.50",-0.78%
23-Feb-21,"3,881.37",0.13%
24-Feb-21,"3,925.43",1.13%
25-Feb-21,"3,829.34",-2.48%
26-Feb-21,"3,811.15",-0.48%
1-Mar-21,"3,901.82",2.35%
2-Mar-21,"3,870.29",-0.81%
3-Mar-21,"3,819.72",-1.32%
4-Mar-21,"3,768.47",-1.35%
5-Mar-21,"3,841.94",1.93%
8-Mar-21,"3,821.35",-0.54%
9-Mar-21,"3,875.44",1.41%
10-Mar-21,"3,898.81",0.60%
11-Mar-21,"3,939.34",1.03%
12-Mar-21,"3,943.34",0.10%
15-Mar-21,"3,968.94",0.65%
16-Mar-21,"3,962.71",-0.16%
17-Mar-21,"3,974.12",0.29%
18-Mar-21,"3,915.46",-1.49%
19-Mar-21,"3,913.10",-0.06%
22-Mar-21,"3,940.59",0.70%
23-Mar-21,"3,910.52",-0.77%
24-Mar-21,"3,889.14",-0.55%
25-Mar-21,"3,909.52",0.52%
26-Mar-21,"3,974.54",1.65%
29-Mar-21,"3,971.09",-0.09%
30-Mar-21,"3,958.55",-0.32%
31-Mar-21,"3,972.89",0.36%
1-Apr-21,"4,019.87",1.18%
5-Apr-21,"4,077.91",1.43%
6-Apr-21,"4,073.94",-0.10%
7-Apr-21,"4,079.95",0.15%
8-Apr-21,"4,097.17",0.42%
9-Apr-21,"4,128.80",0.77%
12-Apr-21,"4,127.99",-0.02%
13-Apr-21,"4,141.59",0.33%
14-Apr-21,"4,124.66",-0.41%
15-Apr-21,"4,170.42",1.10%
16-Apr-21,"4,185.47",0.36%
19-Apr-21,"4,163.26",-0.53%
20-Apr-21,"4,134.94",-0.68%
21-Apr-21,"4,173.42",0.93%
22-Apr-21,"4,134.98",-0.93%
23-Apr-21,"4,180.17",1.09%
26-Apr-21,"4,187.62",0.18%
27-Apr-21,"4,186.72",-0.02%
28-Apr-21,"4,183.18",-0.08%
29-Apr-21,"4,211.47",0.67%
30-Apr-21,"4,181.17",-0.72%
3-May-21,"4,192.66",0.27%
4-May-21,"4,164.66",-0.67%
5-May-21,"4,167.59",0.07%
6-May-21,"4,201.62",0.81%
7-May-21,"4,232.60",0.73%
10-May-21,"4,188.43",-1.05%
11-May-21,"4,152.10",-0.87%
12-May-21,"4,063.04",-2.17%
13-May-21,"4,112.50",1.21%
14-May-21,"4,173.85",1.48%
17-May-21,"4,163.29",-0.25%
18-May-21,"4,127.83",-0.86%
19-May-21,"4,115.68",-0.29%
20-May-21,"4,159.12",1.05%
21-May-21,"4,155.86",-0.08%
24-May-21,"4,197.05",0.99%
25-May-21,"4,188.13",-0.21%
26-May-21,"4,195.99",0.19%
27-May-21,"4,200.88",0.12%
28-May-21,"4,204.11",0.08%
1-Jun-21,"4,202.04",-0.05%
2-Jun-21,"4,208.12",0.14%
3-Jun-21,"4,192.85",-0.36%
4-Jun-21,"4,229.89",0.88%
7-Jun-21,"4,226.52",-0.08%
8-Jun-21,"4,227.26",0.02%
9-Jun-21,"4,219.55",-0.18%
10-Jun-21,"4,239.18",0.46%
11-Jun-21,"4,247.44",0.19%
14-Jun-21,"4,255.15",0.18%
15-Jun-21,"4,246.59",-0.20%
16-Jun-21,"4,223.70",-0.54%
17-Jun-21,"4,221.86",-0.04%
18-Jun-21,"4,166.45",-1.32%
21-Jun-21,"4,224.79",1.39%
22-Jun-21,"4,246.44",0.51%
23-Jun-21,"4,241.84",-0.11%
24-Jun-21,"4,266.49",0.58%
25-Jun-21,"4,280.70",0.33%
28-Jun-21,"4,290.61",0.23%
29-Jun-21,"4,291.80",0.03%
30-Jun-21,"4,297.50",0.13%
1-Jul-21,"4,319.94",0.52%
2-Jul-21,"4,352.34",0.75%
6-Jul-21,"4,343.54",-0.20%
7-Jul-21,"4,358.13",0.34%
8-Jul-21,"4,320.82",-0.86%
9-Jul-21,"4,369.55",1.12%
12-Jul-21,"4,384.63",0.34%
13-Jul-21,"4,369.21",-0.35%
14-Jul-21,"4,374.30",0.12%
15-Jul-21,"4,360.03",-0.33%
16-Jul-21,"4,327.16",-0.76%
19-Jul-21,"4,258.49",-1.60%
20-Jul-21,"4,323.06",1.50%
21-Jul-21,"4,358.69",0.82%
22-Jul-21,"4,367.48",0.20%
23-Jul-21,"4,411.79",1.01%
26-Jul-21,"4,422.30",0.24%
27-Jul-21,"4,401.46",-0.47%
28-Jul-21,"4,400.64",-0.02%
29-Jul-21,"4,419.15",0.42%
30-Jul-21,"4,395.26",-0.54%
2-Aug-21,"4,387.16",-0.18%
3-Aug-21,"4,423.15",0.82%
4-Aug-21,"4,402.66",-0.46%
5-Aug-21,"4,429.10",0.60%
6-Aug-21,"4,436.52",0.17%
9-Aug-21,"4,432.35",-0.09%
10-Aug-21,"4,436.75",0.10%
11-Aug-21,"4,442.41",0.13%
12-Aug-21,"4,460.83",0.41%
13-Aug-21,"4,468.00",0.16%
16-Aug-21,"4,479.71",0.26%
17-Aug-21,"4,448.08",-0.71%
18-Aug-21,"4,400.27",-1.08%
19-Aug-21,"4,405.80",0.13%
20-Aug-21,"4,441.67",0.81%
23-Aug-21,"4,479.53",0.85%
24-Aug-21,"4,486.23",0.15%
25-Aug-21,"4,496.19",0.22%
26-Aug-21,"4,470.00",-0.58%
27-Aug-21,"4,509.37",0.88%
30-Aug-21,"4,528.79",0.43%
31-Aug-21,"4,522.68",-0.14%
1-Sep-21,"4,524.09",0.03%
2-Sep-21,"4,536.95",0.28%
3-Sep-21,"4,535.43",-0.03%
7-Sep-21,"4,520.03",-0.34%
8-Sep-21,"4,514.07",-0.13%
9-Sep-21,"4,493.28",-0.46%
10-Sep-21,"4,458.58",-0.78%
13-Sep-21,"4,468.73",0.23%
14-Sep-21,"4,443.05",-0.58%
15-Sep-21,"4,480.70",0.84%
16-Sep-21,"4,473.75",-0.16%
17-Sep-21,"4,432.99",-0.92%
20-Sep-21,"4,357.73",-1.71%
21-Sep-21,"4,354.19",-0.08%
22-Sep-21,"4,395.64",0.95%
23-Sep-21,"4,448.98",1.21%
24-Sep-21,"4,455.48",0.15%
27-Sep-21,"4,443.11",-0.28%
28-Sep-21,"4,352.63",-2.06%
29-Sep-21,"4,359.46",0.16%
30-Sep-21,"4,307.54",-1.20%
1-Oct-21,"4,357.04",1.14%
4-Oct-21,"4,300.46",-1.31%
5-Oct-21,"4,345.72",1.05%
6-Oct-21,"4,363.55",0.41%
7-Oct-21,"4,399.76",0.83%
8-Oct-21,"4,391.34",-0.19%
11-Oct-21,"4,361.19",-0.69%
12-Oct-21,"4,350.65",-0.24%
13-Oct-21,"4,363.80",0.30%
14-Oct-21,"4,438.26",1.69%
15-Oct-21,"4,471.37",0.74%
18-Oct-21,"4,486.46",0.34%
19-Oct-21,"4,519.63",0.74%
20-Oct-21,"4,536.19",0.37%
21-Oct-21,"4,549.78",0.30%
22-Oct-21,"4,544.90",-0.11%
25-Oct-21,"4,566.48",0.47%
26-Oct-21,"4,574.79",0.18%
27-Oct-21,"4,551.68",-0.51%
28-Oct-21,"4,596.42",0.98%
29-Oct-21,"4,605.38",0.19%
1-Nov-21,"4,613.67",0.18%
2-Nov-21,"4,630.65",0.37%
3-Nov-21,"4,660.57",0.64%
4-Nov-21,"4,680.06",0.42%
5-Nov-21,"4,697.53",0.37%
8-Nov-21,"4,701.70",0.09%
9-Nov-21,"4,685.25",-0.35%
10-Nov-21,"4,646.71",-0.83%
11-Nov-21,"4,649.27",0.06%
12-Nov-21,"4,682.85",0.72%
15-Nov-21,"4,682.80",0.00%
16-Nov-21,"4,700.90",0.39%
17-Nov-21,"4,688.67",-0.26%
18-Nov-21,"4,704.54",0.34%
19-Nov-21,"4,697.96",-0.14%
22-Nov-21,"4,682.94",-0.32%
23-Nov-21,"4,690.70",0.17%
24-Nov-21,"4,701.46",0.23%
26-Nov-21,"4,594.62",-2.30%
29-Nov-21,"4,655.27",1.31%
30-Nov-21,"4,567.00",-1.91%
1-Dec-21,"4,513.04",-1.19%
2-Dec-21,"4,577.10",1.41%
3-Dec-21,"4,538.43",-0.85%
6-Dec-21,"4,591.67",1.17%
7-Dec-21,"4,686.75",2.05%
8-Dec-21,"4,701.21",0.31%
9-Dec-21,"4,667.45",-0.72%
10-Dec-21,"4,712.02",0.95%
13-Dec-21,"4,668.97",-0.92%
14-Dec-21,"4,634.09",-0.75%
15-Dec-21,"4,709.85",1.62%
16-Dec-21,"4,668.67",-0.88%
17-Dec-21,"4,620.64",-1.03%
20-Dec-21,"4,568.02",-1.15%
21-Dec-21,"4,649.23",1.76%
22-Dec-21,"4,696.56",1.01%
23-Dec-21,"4,725.79",0.62%
27-Dec-21,"4,791.19",1.37%
28-Dec-21,"4,786.35",-0.10%
29-Dec-21,"4,793.06",0.14%
30-Dec-21,"4,778.73",-0.30%
31-Dec-21,"4,766.18",-0.26%
3-Jan-22,"4,796.56",0.64%
4-Jan-22,"4,793.54",-0.06%
5-Jan-22,"4,700.58",-1.96%
6-Jan-22,"4,696.05",-0.10%
7-Jan-22,"4,677.03",-0.41%
10-Jan-22,"4,670.29",-0.14%
11-Jan-22,"4,713.07",0.91%
12-Jan-22,"4,726.35",0.28%
13-Jan-22,"4,659.03",-1.43%
14-Jan-22,"4,662.85",0.08%
18-Jan-22,"4,577.11",-1.86%
19-Jan-22,"4,532.76",-0.97%
20-Jan-22,"4,482.73",-1.11%
21-Jan-22,"4,397.94",-1.91%
24-Jan-22,"4,410.13",0.28%
25-Jan-22,"4,356.45",-1.22%
26-Jan-22,"4,349.93",-0.15%
27-Jan-22,"4,326.51",-0.54%
28-Jan-22,"4,431.85",2.41%
31-Jan-22,"4,515.55",1.87%
1-Feb-22,"4,546.54",0.68%
2-Feb-22,"4,589.38",0.94%
3-Feb-22,"4,477.44",-2.47%
4-Feb-22,"4,500.53",0.51%
7-Feb-22,"4,483.87",-0.37%
8-Feb-22,"4,521.54",0.84%
9-Feb-22,"4,587.18",1.44%
10-Feb-22,"4,504.08",-1.83%
11-Feb-22,"4,418.64",-1.92%
14-Feb-22,"4,401.67",-0.38%
15-Feb-22,"4,471.07",1.56%
16-Feb-22,"4,475.01",0.09%
17-Feb-22,"4,380.26",-2.14%
18-Feb-22,"4,348.87",-0.72%
22-Feb-22,"4,304.76",-1.02%
23-Feb-22,"4,225.50",-1.86%
24-Feb-22,"4,288.70",1.48%
25-Feb-22,"4,384.65",2.21%
28-Feb-22,"4,373.94",-0.24%
1-Mar-22,"4,306.26",-1.56%
2-Mar-22,"4,386.54",1.85%
3-Mar-22,"4,363.49",-0.53%
4-Mar-22,"4,328.87",-0.80%
7-Mar-22,"4,201.09",-3.00%
8-Mar-22,"4,170.70",-0.73%
9-Mar-22,"4,277.88",2.54%
10-Mar-22,"4,259.52",-0.43%
11-Mar-22,"4,204.31",-1.30%
14-Mar-22,"4,173.11",-0.74%
15-Mar-22,"4,262.45",2.12%
16-Mar-22,"4,357.86",2.21%
17-Mar-22,"4,411.67",1.23%
18-Mar-22,"4,463.12",1.16%
21-Mar-22,"4,461.18",-0.04%
22-Mar-22,"4,511.61",1.12%
23-Mar-22,"4,456.24",-1.23%
24-Mar-22,"4,520.16",1.42%
25-Mar-22,"4,543.06",0.51%
28-Mar-22,"4,575.52",0.71%
29-Mar-22,"4,631.60",1.22%
30-Mar-22,"4,602.45",-0.63%
31-Mar-22,"4,530.41",-1.58%
1-Apr-22,"4,545.86",0.34%
4-Apr-22,"4,582.64",0.81%
5-Apr-22,"4,525.12",-1.26%
6-Apr-22,"4,481.15",-0.98%
7-Apr-22,"4,500.21",0.42%
8-Apr-22,"4,488.28",-0.27%
11-Apr-22,"4,412.53",-1.70%
12-Apr-22,"4,397.45",-0.34%
13-Apr-22,"4,446.59",1.11%
14-Apr-22,"4,392.59",-1.22%
18-Apr-22,"4,391.69",-0.02%
19-Apr-22,"4,462.21",1.59%
20-Apr-22,"4,459.45",-0.06%
21-Apr-22,"4,393.66",-1.49%
22-Apr-22,"4,271.78",-2.81%
25-Apr-22,"4,296.12",0.57%
26-Apr-22,"4,175.20",-2.86%
27-Apr-22,"4,183.96",0.21%
28-Apr-22,"4,287.50",2.44%
29-Apr-22,"4,131.93",-3.70%
2-May-22,"4,155.38",0.57%
3-May-22,"4,175.48",0.48%
4-May-22,"4,300.17",2.94%
5-May-22,"4,146.87",-3.63%
6-May-22,"4,123.34",-0.57%
9-May-22,"3,991.24",-3.26%
10-May-22,"4,001.05",0.25%
11-May-22,"3,935.18",-1.66%
12-May-22,"3,930.08",-0.13%
13-May-22,"4,023.89",2.36%
16-May-22,"4,008.01",-0.40%
17-May-22,"4,088.85",2.00%
18-May-22,"3,923.68",-4.12%
19-May-22,"3,900.79",-0.59%
20-May-22,"3,901.36",0.01%
23-May-22,"3,973.75",1.84%
24-May-22,"3,941.48",-0.82%
25-May-22,"3,978.73",0.94%
26-May-22,"4,057.84",1.97%
27-May-22,"4,158.24",2.44%
31-May-22,"4,132.15",-0.63%
1-Jun-22,"4,101.23",-0.75%
2-Jun-22,"4,176.82",1.83%
3-Jun-22,"4,108.54",-1.65%
6-Jun-22,"4,121.43",0.31%
7-Jun-22,"4,160.68",0.95%
8-Jun-22,"4,115.77",-1.09%
9-Jun-22,"4,017.82",-2.41%
10-Jun-22,"3,900.86",-2.95%
13-Jun-22,"3,749.63",-3.95%
14-Jun-22,"3,735.48",-0.38%
15-Jun-22,"3,789.99",1.45%
16-Jun-22,"3,666.77",-3.31%
17-Jun-22,"3,674.84",0.22%
21-Jun-22,"3,764.79",2.42%
22-Jun-22,"3,759.89",-0.13%
23-Jun-22,"3,795.73",0.95%
24-Jun-22,"3,911.74",3.01%
27-Jun-22,"3,900.11",-0.30%
28-Jun-22,"3,821.55",-2.03%
29-Jun-22,"3,818.83",-0.07%
30-Jun-22,"3,785.38",-0.88%
1-Jul-22,"3,825.33",1.05%
5-Jul-22,"3,831.39",0.16%
6-Jul-22,"3,845.08",0.36%
7-Jul-22,"3,902.62",1.49%
8-Jul-22,"3,899.38",-0.08%
11-Jul-22,"3,854.43",-1.16%
12-Jul-22,"3,818.80",-0.93%
13-Jul-22,"3,801.78",-0.45%
14-Jul-22,"3,790.38",-0.30%
15-Jul-22,"3,863.16",1.90%
18-Jul-22,"3,830.85",-0.84%
19-Jul-22,"3,936.69",2.73%
20-Jul-22,"3,959.90",0.59%
21-Jul-22,"3,998.95",0.98%
22-Jul-22,"3,961.63",-0.94%
25-Jul-22,"3,966.84",0.13%
26-Jul-22,"3,921.05",-1.16%
27-Jul-22,"4,023.61",2.58%
28-Jul-22,"4,072.43",1.21%
29-Jul-22,"4,130.29",1.41%
1-Aug-22,"4,118.63",-0.28%
2-Aug-22,"4,091.19",-0.67%
3-Aug-22,"4,155.17",1.55%
4-Aug-22,"4,151.94",-0.08%
5-Aug-22,"4,145.19",-0.16%
8-Aug-22,"4,140.06",-0.12%
9-Aug-22,"4,122.47",-0.43%
10-Aug-22,"4,210.24",2.11%
11-Aug-22,"4,207.27",-0.07%
12-Aug-22,"4,280.15",1.72%
15-Aug-22,"4,297.14",0.40%
16-Aug-22,"4,305.20",0.19%
17-Aug-22,"4,274.04",-0.73%
18-Aug-22,"4,283.74",0.23%
19-Aug-22,"4,228.48",-1.30%
22-Aug-22,"4,137.99",-2.16%
23-Aug-22,"4,128.73",-0.22%
24-Aug-22,"4,140.77",0.29%
25-Aug-22,"4,199.12",1.40%
26-Aug-22,"4,057.66",-3.43%
29-Aug-22,"4,030.61",-0.67%
30-Aug-22,"3,986.16",-1.11%
31-Aug-22,"3,955.00",-0.78%
1-Sep-22,"3,966.85",0.30%
2-Sep-22,"3,924.26",-1.08%
6-Sep-22,"3,908.19",-0.41%
7-Sep-22,"3,979.87",1.82%
8-Sep-22,"4,006.18",0.66%
9-Sep-22,"4,067.36",1.52%
12-Sep-22,"4,110.41",1.05%
13-Sep-22,"3,932.69",-4.42%
14-Sep-22,"3,946.01",0.34%
15-Sep-22,"3,901.35",-1.14%
16-Sep-22,"3,873.33",-0.72%
19-Sep-22,"3,899.89",0.68%
20-Sep-22,"3,855.93",-1.13%
21-Sep-22,"3,789.93",-1.73%
22-Sep-22,"3,757.99",-0.85%
23-Sep-22,"3,693.23",-1.74%
26-Sep-22,"3,655.04",-1.04%
27-Sep-22,"3,647.29",-0.21%
28-Sep-22,"3,719.04",1.95%
29-Sep-22,"3,640.47",-2.14%
30-Sep-22,"3,585.62",-1.52%
3-Oct-22,"3,678.43",2.56%
4-Oct-22,"3,790.93",3.01%
5-Oct-22,"3,783.28",-0.20%
6-Oct-22,"3,744.52",-1.03%
7-Oct-22,"3,639.66",-2.84%
10-Oct-22,"3,612.39",-0.75%
11-Oct-22,"3,588.84",-0.65%
12-Oct-22,"3,577.03",-0.33%
13-Oct-22,"3,669.91",2.56%
14-Oct-22,"3,583.07",-2.39%
17-Oct-22,"3,677.95",2.61%
18-Oct-22,"3,719.98",1.14%
19-Oct-22,"3,695.16",-0.67%
20-Oct-22,"3,665.78",-0.80%
21-Oct-22,"3,752.75",2.34%
24-Oct-22,"3,797.34",1.18%
25-Oct-22,"3,859.11",1.61%
26-Oct-22,"3,830.60",-0.74%
27-Oct-22,"3,807.30",-0.61%
28-Oct-22,"3,901.06",2.43%
31-Oct-22,"3,871.98",-0.75%
1-Nov-22,"3,856.10",-0.41%
2-Nov-22,"3,759.69",-2.53%
3-Nov-22,"3,719.89",-1.06%
4-Nov-22,"3,770.55",1.35%
7-Nov-22,"3,806.80",0.96%
8-Nov-22,"3,828.11",0.56%
9-Nov-22,"3,748.57",-2.10%
10-Nov-22,"3,956.37",5.40%
11-Nov-22,"3,992.93",0.92%
14-Nov-22,"3,957.25",-0.90%
15-Nov-22,"3,991.73",0.87%
16-Nov-22,"3,958.79",-0.83%
17-Nov-22,"3,946.56",-0.31%
18-Nov-22,"3,965.34",0.47%
21-Nov-22,"3,949.94",-0.39%
22-Nov-22,"4,003.58",1.35%
23-Nov-22,"4,027.26",0.59%
25-Nov-22,"4,026.12",-0.03%
28-Nov-22,"3,963.94",-1.56%
29-Nov-22,"3,957.63",-0.16%
30-Nov-22,"4,080.11",3.05%
1-Dec-22,"4,076.57",-0.09%
2-Dec-22,"4,071.70",-0.12%
5-Dec-22,"3,998.84",-1.81%
6-Dec-22,"3,941.26",-1.45%
7-Dec-22,"3,933.92",-0.19%
8-Dec-22,"3,963.51",0.75%
9-Dec-22,"3,934.38",-0.74%
12-Dec-22,"3,990.56",1.42%
13-Dec-22,"4,019.65",0.73%
14-Dec-22,"3,995.32",-0.61%
15-Dec-22,"3,895.75",-2.52%
16-Dec-22,"3,852.36",-1.12%
19-Dec-22,"3,817.66",-0.90%
20-Dec-22,"3,821.62",0.10%
21-Dec-22,"3,878.44",1.48%
22-Dec-22,"3,822.39",-1.46%
23-Dec-22,"3,844.82",0.59%
27-Dec-22,"3,829.25",-0.41%
28-Dec-22,"3,783.22",-1.21%
29-Dec-22,"3,849.28",1.73%
30-Dec-22,"3,839.50",-0.25%
